"","WT.Mock.1","WT.Mock.2","WT.Mock.3","WT.IAV.1","WT.IAV.2","WT.IAV.3","KO.Mock.1","KO.Mock.2","KO.Mock.3","KO.IAV.1","KO.IAV.2","KO.IAV.3"
"CDH2",7.3759775192039,7.3950562111579,7.42576768450657,6.91915126336492,6.9516293497004,7.26577164273044,8.39941133666309,8.32955811493821,8.71370846827169,8.55589367996408,8.63294053979057,8.47507720936626
"GTF2IP4",9.51068893795266,9.72788469611316,9.76120673382745,9.13839849828553,9.03513330568218,9.3617934688805,10.4363911635544,10.3867306559715,10.6887688395028,10.3748104213729,10.2157264997092,10.2741320364281
"LINC02035",6.47812058556476,6.22560743734461,6.51361428915832,5.05260977073753,5.15368418106563,5.74603948339495,6.67188306150017,6.65398505124174,6.88097566288967,6.40336221183408,6.32631180478926,6.07942093260522
"PAXIP1-AS2",5.83406894557602,5.84160425467744,5.78060424433484,6.33044291485963,6.396687549613,6.51819209690847,6.10881181981488,5.9934233854966,6.17327906878056,7.24478492617931,7.29711779906289,7.05852320168313
"BABAM2-AS1",4.29793312333343,4.35518238778601,4.82801386677911,5.16218341038999,5.47876627499978,6.14721967328975,4.38616610962387,4.21985293543644,3.83237360600845,3.67482258445115,4.10742212395966,3.76051390624122
"CDH6",4.87322043180381,4.75811406658973,4.68653820920583,4.88111748552911,4.88677143000987,4.59225091307506,5.7728038185576,5.56123835149843,5.9083812875775,5.8917947266408,6.08892519569019,5.92126247282826
"LINC02582",9.51472369969998,9.67516808596844,9.75347209425844,9.25184379858543,8.99303771454704,9.39263350056467,5.33869167663795,5.47945578447192,5.097615849485,5.3955753307965,5.10149923349364,5.37907405295931
"PSMB8-AS1",5.69346267059843,5.65317776924366,5.66384979230864,6.5868593670052,6.61845468422247,6.75939343204063,5.38165972437198,5.65989171792284,5.45991363103238,7.09882928675954,7.19533611150003,6.91352047693148
"SOX21-AS1",5.29175594751182,5.2687789492372,5.56962513704229,5.26622550207608,5.72465480321086,5.27106867339405,6.18287329215412,6.41620702564647,6.71427988371901,6.4035077248729,6.70547930201209,6.12421433239502
"MIR4500",3.5759382502608,3.25659951994976,3.95515423208817,3.16872473280732,3.91282175415139,3.66855647736351,4.79536352004627,4.76108854805953,4.4291797261216,4.48748759168784,4.4421848371651,4.06596803920678
"MIR4712",3.40888687298725,3.80073854198896,3.94411134469599,3.24115823331775,3.29551751393774,3.95537964519771,4.67365636592195,4.16187742821484,5.1021563455057,4.29269843397694,4.68724053859753,4.52715657812498
"MIR4521",6.96724013217354,6.7965579811356,7.13225305260616,8.18685282922966,8.13635253516801,8.62883468192834,6.3850085710632,6.10860817462979,6.53036872799125,7.73330028810261,7.73751406336726,7.41942686444245
"OPTN",7.84565435631192,7.84866643934513,7.90434546377294,8.5218887680615,8.48311788698061,8.74194185371925,7.57245888763205,7.48218852072609,7.77664177667817,8.95936659974973,9.01212767951512,8.85650079325132
"CHROMR",6.00661922093031,6.11701939536771,6.18324038216262,7.04536109737875,7.03660434266517,7.42242668165653,6.00283264716003,5.9508378513627,6.04350171680727,7.36230273472535,7.36320934093792,7.13648886228295
"CALCRL",3.33181483939939,3.32582726637985,3.40474688225683,3.47806306556454,3.61064028766283,3.44118533111405,5.62279449301807,5.40296998731913,6.02213907159413,5.32307403752385,5.30859450856241,4.98624002953288
"ADAR",8.99503342492802,9.02125704332551,9.07286329239128,10.0928364556749,10.0552583782175,10.2152390016264,9.04547103210856,8.94034937910394,9.20876587888792,10.4541630358586,10.4642306236313,10.3670568722681
"BTN3A3",5.67511091004477,5.48072669926195,5.48165043562219,6.28460131723886,6.36087082930642,6.49079234830647,5.50107105515438,5.43682807074288,5.46153544445798,6.75532033452879,6.80994955593843,6.60560202686046
"IFITM3",7.16656997128656,7.162790321112,7.30756886491338,9.8994614585786,9.91460504355376,10.0239799112195,8.04567305929928,7.97942078521736,7.97466918454307,10.4285124036224,10.5461040041333,10.3832740402187
"IFI30",8.38156993637244,8.09083691273517,8.24863321961918,9.74986457575628,9.75746293349131,9.9030863229933,8.74555391354813,8.80540994935027,9.1136968037957,9.95157131022483,9.96031925720399,9.8353329113999
"FST",6.7330189017434,6.6269326158794,6.69775843676759,7.7885159894989,7.69768851034544,8.03030549127051,6.60613806388037,6.36870448426391,6.50806768133055,7.42255441767009,7.39536993307315,7.22706170869369
"TRIM38",6.83605097851297,6.74208058584257,6.85641930341316,8.85979184636108,8.91360925102969,9.09983994598544,6.64210416394363,6.62597162354855,6.83017969493647,9.11227382613737,9.21493717563713,8.96443627934073
"AGR2",3.91969966254742,3.99476896562937,4.18406991464195,4.16536968175103,4.11365425272041,4.06435743486099,6.55408943740713,6.35132900497425,6.68007975633369,7.30154192186418,7.34639310709771,6.90614345375667
"IFI44",3.61743351979726,3.68312119933758,3.73724910188908,6.58332546616809,6.58080789258711,7.13913989805681,3.57194035079125,3.53930877089644,3.54296016806512,7.41663848701411,7.38102431899176,7.13023649445965
"IFITM2",7.98838875772162,7.94587472073523,7.98314084367705,11.0466617496155,11.1222173294815,11.2407407944509,9.18168638174826,9.15042595133111,9.32374071240011,11.7395632796674,11.7654034644107,11.7368126004758
"TNFSF13B",4.77394297014133,4.85573412262571,4.8400124673846,6.12519812205583,6.15717285452791,6.25509501675397,4.788750318798,4.84266386338994,4.73038624214218,5.88622658042641,5.88766750419769,5.71700065141766
"CHL1",5.09224167974076,5.14962949823001,5.26821126772659,5.05447495018335,5.1881585195455,5.2044969364242,6.20954992670018,6.11777489566063,6.47152932404025,6.34887909872726,6.43807995333454,6.23268431937582
"IQGAP2",5.91797246383656,6.00897676420161,6.0283072497195,6.19700396216578,6.27892990903087,6.51200733394959,7.99525320106082,7.91499149248759,8.30884061351478,8.50280251482409,8.4614065828143,8.38367908501869
"TRAFD1",7.53480231083291,7.51398760805271,7.60331576599709,8.49772594650804,8.50315191427427,8.7042216892277,7.55298741196026,7.46665566892401,7.65729594378721,9.01401951286446,9.01071862915182,8.86259118024288
"IFI44L",3.41682379223817,3.33043414764071,3.27114957357558,6.00485313633179,6.11054069148017,6.49386004863876,3.4314971744385,3.49310431121983,3.45646137087495,6.929004114731,6.91605351573776,6.70555947416669
"SLC27A2",7.98511455463302,8.00044601070485,8.00718318294891,7.42670225747883,7.52952988248503,7.85267780191049,8.98829023525824,8.88478221046788,9.25319173698173,9.07951054549298,9.03308956443503,8.91392523094937
"BTN3A2",6.72443886650427,6.46777175540757,6.58961393722792,7.32739439525874,7.2831899691982,7.61110348023126,6.56013586419057,6.63083258566091,6.74500947949139,7.84798648999175,7.79856731273594,7.74157631978037
"BTN3A1",6.72277259550196,6.75453706524435,6.81762825507823,7.75932619980861,7.84316595472884,7.96322430021792,6.74971654714932,6.72008272123227,6.86208215286152,8.44524746288741,8.50499847936716,8.39701999129115
"BAZ1A",8.07264209808663,8.12148407372833,8.19170810368143,9.17726021091181,9.11174074774102,9.45985430382368,8.44108723015215,8.22616977828632,8.62509554707732,9.64156056716982,9.59873600003528,9.57243259855157
"USP18",7.35233731301027,7.18877070791,7.34884297336558,10.020345533701,10.0668521964325,10.2579934388519,7.45866019337317,7.28096351811662,7.57181922061263,10.5186088968249,10.5498172026579,10.3957291009052
"RAB42",7.42905713165263,7.3349334174673,7.41182326605981,7.72619246741216,7.86170407955916,7.8063581971788,6.65926658279869,7.03249672988607,6.48731874586718,6.75774875758701,6.71175086236016,6.90720987690603
"GBP4",4.44760454040521,4.53697459750836,4.45572992545823,6.67093839687884,6.91327443151596,7.35870253608852,4.49318043409373,4.36767908229733,4.35664717058327,6.61641069641948,6.55037387686528,6.40333900126422
"NOSTRIN",5.50878192427799,5.50937354415878,5.46533442556486,5.53992761967397,5.46826291948739,5.74700060009188,7.42889827971299,7.24362923109802,7.64089394942174,7.53888891505079,7.40030608882154,7.3259312536265
"TM4SF19",7.41104857227318,7.14345854580378,7.39950824640675,7.37988833952987,7.31736159596886,7.50362216529004,6.44867256174885,6.5797782481198,6.60920662987564,6.46756940912792,6.43131735443132,6.29564238051577
"NIBAN1",6.21780793191251,6.19278398489153,6.2269828432628,6.36736221356671,6.44561477998962,6.82022386669848,5.24069798159089,5.10576264398806,5.27700888353956,5.28685877261038,5.42733533559488,5.17340472527203
"LRRK2",5.63162855753689,5.42744310602215,5.57858262909299,5.02549584917033,4.91515346998773,5.20439762472196,6.87023779090251,6.70998378606109,7.14584572907003,6.62084200107448,6.63849324557833,6.40157092879627
"FRMD6",7.15113836984172,7.01110157654915,7.10838989739796,7.60628543318088,7.4627413599077,7.74001732742792,6.63144058787458,6.60248201863588,6.68231903446444,6.45869923491904,6.54519943619901,6.43935981653154
"TC2N",5.63793954714515,5.63781762779504,5.71777190693617,5.3709122913501,5.47530448401243,5.57828291699224,7.3087401417959,7.01049060797667,7.62555158260666,6.96174325385236,6.85094110064745,6.80721721301634
"CNP",8.37755449209862,8.23812085130651,8.36400359695794,9.18551518972228,9.20047782516212,9.32882858866193,8.34524241212812,8.35470598146442,8.39238063250754,9.61172206088048,9.5765359162238,9.41377886240457
"CNTN1",5.40770300274397,5.30522021173167,5.26485511981417,4.92460927993887,4.98619634004838,4.93175387705262,9.18558199474783,9.04175688001953,9.39115825544076,8.96332676988622,8.94616277115542,8.81174387872057
"RNF19B",7.93195032435025,7.71507133447281,7.89588897441599,8.76361500710233,8.75576592537162,9.03258620122985,7.57091485309849,7.52183158037465,7.72305590805543,9.07316355573768,9.05584023447872,8.84612255842373
"COL4A4",6.31621132315124,6.48928267796234,6.33079589138883,5.61824904045664,5.48027121425038,6.01217997234886,6.87363336785058,6.78894827320214,7.40491077130713,6.90266412912559,7.09110661951384,6.69728025000581
"CMPK2",6.12003535306334,5.99011173902829,6.0285598442486,7.97785820608196,7.95272446430056,8.22575121330222,5.8467182596918,6.07414156739792,5.72338534740661,7.70151954439553,7.82626571383307,7.51886276938159
"PLEKHH2",6.86970343571216,6.96384030520782,6.94577131317461,6.56704103602944,6.61307740762958,6.93689955106469,8.37512768224852,8.40163429756415,8.70162283982063,8.39682671217458,8.38111982849417,8.2119569775124
"C4orf33",5.32855024232259,5.18602101992951,5.25569216838959,5.9260610858367,5.90248788243269,6.20319021680038,5.22895696023685,5.33179492113698,5.43309951886046,6.54517880140636,6.56948004890246,6.43545876455832
"EMB",6.30398653572407,6.41110239049728,6.49883027302615,5.99385871981014,5.79700272733121,6.40595435881681,4.89809057040877,4.72816479465315,4.83566807814801,4.91918085618446,5.07738583329238,4.77804259683651
"STARD4",5.89247448124109,5.94912122961352,6.06016085003812,6.46188002543883,6.47168810960599,6.78625158386282,6.05996241424646,5.93489730939703,6.28943420645284,7.30910219120067,7.24950445840272,7.06099798650812
"NCOA7",7.12633500349197,7.03092329687562,7.13930384579174,7.58312131888576,7.58053841055251,7.72721681319496,7.41783158495577,7.29885686904705,7.59666507480297,8.515216625355,8.47136529556744,8.35782141101289
"CP",5.63415901965649,5.71669092168496,5.73166527217737,6.22525354821262,6.31277982575837,6.57522645234441,7.03758639993316,6.76652774647932,7.32236175740385,7.959560973101,7.82843034904228,7.6668646613844
"CPD",9.20448634743945,9.23100855707208,9.3177527711774,8.95489349541127,8.99951008913209,9.23553886738763,10.1308311620315,10.0742716108417,10.3514722139018,10.1722277818651,10.1018354972936,10.0848838399965
"CPS1",5.04714065458013,4.95658222755127,5.06928517269967,4.97337833767862,5.02367264191943,4.97349651469475,7.03420323446074,6.98842514925395,7.38945679190566,7.17911162987358,7.1354989850851,6.93613544560918
"UNC5D",5.13079098289157,5.10658179741611,5.04842294358622,5.14323566218372,5.17120945810016,4.94419221037395,6.23564684580648,6.15655501193208,6.43525650939205,6.21840480259068,6.1420433673292,6.08244555018517
"HDX",4.87910957385318,4.81376869690537,4.93610825443228,5.91412941387798,5.94360028189572,6.17052104912632,4.96924887984456,4.97549800765452,4.9013494874606,6.23103596025252,6.49672397053943,6.21680459141803
"CCBE1",7.22840049425914,7.20914583053132,7.19992050273261,7.07396249489166,7.03549529472918,7.08998343860677,6.26333173461126,6.14324060313981,5.92201044469945,6.07497509284886,5.83700389778799,6.21525837573255
"DTX3L",6.90753944948345,6.83684038649716,7.05128005102697,10.2253729296492,10.1704983313426,10.4758425227361,6.81760132253309,6.74484824831102,7.10331108501566,10.6425509034556,10.5809647143697,10.5509614150223
"MB21D2",7.24888661697838,7.32446381474021,7.40197626706802,8.14626411344616,8.18090098765174,8.20116261187874,7.28991877658669,7.26844619543887,7.48483348425724,8.43220790898501,8.57013871299369,8.31265032116704
"CTSS",6.31402927196926,6.19441552084354,6.33831907433643,7.541234162837,7.59818967370279,7.99844607262305,6.48803644638518,6.37769628797121,6.66306926065433,7.75462705221513,7.7866576044497,7.67203071758502
"PPM1K",3.39997826254499,3.02949972703749,3.33486619862388,3.84488958537171,3.90694515424443,4.48053029475088,2.98171960272853,3.08830762771158,2.91699859501551,4.78649988973072,4.55044728115048,4.46052486001432
"SLC2A12",6.14412082444527,6.11472763012924,6.18294427604668,7.04281331278978,7.070073777764,7.35178381315833,6.22081567795991,6.32936157614025,6.41541391679945,7.47787986523993,7.66786972848154,7.29014557590148
"DAB2",8.13587127911488,8.19254094743575,8.24512596383035,8.21659562669839,7.99234138170843,8.43513354118338,6.91151391301637,6.71941518278444,7.16280869216908,7.25702696326025,7.30435940992778,7.04958554509343
"TMTC2",5.16513095583741,5.17649029285421,5.22675737368699,5.22723722938817,5.31058765315155,5.19426344961554,6.51396808239868,6.45392930455682,6.80864086738471,6.65554434971001,6.65590574315433,6.3815867592041
"GPR180",7.29655118193351,7.19193823307375,7.3585353930444,7.92334654865831,7.88566591042682,8.22166766285883,7.3336300226395,7.16885165576278,7.64577295494513,8.56366956478661,8.59368718377764,8.29461248555717
"DDB2",8.94791865783361,8.95478349617035,8.917143049107,8.50664228154463,8.53494565785324,8.64986142149471,7.79975796458363,7.76498687446455,8.02468690495579,7.67476764770399,7.72479164412518,7.64984983475236
"SPTSSA",8.80711506342881,8.74514261234264,8.92324963662089,8.8721387552144,8.91612843074717,9.12486428123987,10.261211347,10.1978517657807,10.4761286905199,10.7309260855139,10.6356090630397,10.5829168156613
"DPYSL3",8.88058735450586,8.82142708062142,8.88567525145225,8.37123401345979,8.39755642277049,8.56253924727968,7.41721956399811,7.42870089991052,7.49977664895653,7.39686960412285,7.44205504140648,7.33791732358429
"EGR1",6.18521483885902,6.18047687215308,6.14992985342123,7.42153111440013,7.58288407801673,7.68477926583448,6.31326955140123,6.36911303970376,6.40512384283928,6.68149610292699,6.77824064047446,6.52105702807003
"AHR",8.93653810545461,8.86438516556308,8.9601447659747,9.19762169461083,9.14893234601112,9.40733040774321,9.98050743164745,9.91965311047256,10.1594244143503,10.1933391138542,10.0993258676375,10.1527193150627
"MLKL",7.62886572057007,7.47654882793083,7.52799085993263,8.89622058894565,8.85392808429913,9.09941180490276,7.03000097581549,7.03349131203826,7.25227520369809,8.92176962871483,8.97062611047906,8.7325569025893
"APOBEC3F",7.98896613132583,8.13831213575124,8.07815749915817,8.61248345889581,8.62029522526575,8.64705279041916,7.68773905092914,7.75852096106091,7.85890135601867,8.97265996535052,9.06191883853836,8.91279774795811
"SMIM14",8.1677282482148,8.20177059861001,8.17126645135028,7.86335563105731,7.86435439660889,8.09215563200971,8.71565237051882,8.56561609476252,8.79147030860209,9.04629006526421,8.95244163529506,8.91987357189474
"ETV6",8.13609457792707,8.04124169149853,8.00226693065362,8.78991649399993,8.7270956621333,8.79639092797311,8.31104316828431,8.31358528487997,8.4788794366759,9.51003707841054,9.51419498648839,9.27830233989609
"EXT1",8.30607137480603,8.26653748979116,8.38108692614097,9.32572320614882,9.34200443837231,9.4592088746233,8.26315122005892,8.21896528077113,8.39153991848075,9.32860491327153,9.35534488509091,9.28670929274598
"SAMD9L",4.17479423214039,4.13078237364156,4.35753027393308,7.14358377447865,6.92364628160157,7.53226988240635,4.0915886851531,4.2073219820641,4.01593343418203,7.53913054307599,7.44809962328743,7.34727808218079
"ARL5B",7.90527845581349,7.89218785188502,7.9248487739855,8.87853577182168,8.77369557070097,9.09425474332444,8.168679001705,8.01992978346527,8.41318881719534,9.24583589242289,9.18199686865739,9.19652841067986
"RNF182",7.19675982881995,7.16695245302909,7.23939720649737,6.9293290301003,6.94971474973041,7.09880016543496,5.69137406599336,5.75599207262761,5.6689013996176,5.6632768100044,5.60336955798704,5.81809505007975
"THSD7A",4.26123371074713,4.34721149013911,4.69173230369057,3.8579663307929,4.09223567468341,4.01825806690583,5.46081928446442,5.31134273487495,5.87668519407909,5.45343936851933,5.09698327746536,5.43334678849797
"FGA",5.3497778188396,5.45459273575902,5.70771680005177,5.41156872365101,5.59944926402491,5.84496687457922,10.4268620035687,10.2365338679164,10.613656019242,10.6192700013939,10.535524519224,10.4938755400474
"FGB",4.74977018240423,4.85248638574419,4.6604214446644,4.8552895784577,4.85553201720559,4.97032698085443,9.12606741140042,8.93108180451189,9.30356658272485,9.42987459002745,9.29395467490522,9.2179914878708
"FGF2",9.42667264198798,9.39197972715516,9.40971858526714,10.2999344266776,10.1976104845503,10.4132080124926,8.50551557680672,8.37830362601156,8.77266862194668,9.25078525509245,9.24179118500292,9.13874682630083
"FGG",4.80499770971954,5.22125067454752,4.54062046011408,5.19595595757877,5.33620893037291,5.13546842922081,10.5289329736135,10.3227763746181,10.8097041130848,10.9004036945438,10.8413952684198,10.8209625404806
"FGL1",5.19124851715801,5.29515008077395,5.29810299791525,5.19844701717795,5.0813544695068,5.25244201607413,7.04122510222904,6.933728996378,7.46179697374051,7.18247039725584,7.18636308496264,7.020697223516
"FNDC3A",7.37871090842137,7.41092939213696,7.47043325225383,8.57775336459483,8.62987890185719,8.93939863664254,7.80500554585838,7.64302140209312,8.05569285348385,8.2709878571488,8.24529421036526,8.08319663323238
"DKK1",10.0251422714322,10.176584927999,10.1679007092223,9.6931242715173,9.76366826844788,10.0019106930201,11.0597920880993,10.9546686855407,11.2254402051546,11.1885940736022,11.1565368233649,11.1146985437521
"PLCH1",6.6869461223353,6.71195269136711,6.75892681655019,6.54759886957929,6.58007907244133,6.95935859024326,7.54665876677403,7.48355567795979,7.87130277291247,8.25334168003698,8.21588888661356,8.05591747126554
"CMTR1",7.45549943223358,7.39560375242298,7.45782948869995,8.27463621130044,8.29052625666387,8.45051003567602,7.46433436031075,7.37197013007337,7.61698148025359,8.91510762471789,8.94517708430799,8.81350618983829
"AKR1B1",9.68530246715465,9.62436725300864,9.64450702937362,9.56810185435838,9.44488661158853,9.54601643634308,8.53230303917225,8.4811586726477,8.55221763399939,8.53195860016904,8.55933918099974,8.41309149157612
"FMR1",8.57530449208655,8.62345762586831,8.66718240349703,9.42962256344565,9.33233911759958,9.64675686176337,8.59136117868786,8.5092926753025,8.86534911354258,9.81027274031655,9.76185090459902,9.6864260423224
"FN1",8.88454754270751,8.94905373176969,8.99104301673757,9.03531427437472,9.19537254823186,9.28827288664041,9.86941851242507,9.89761194397681,10.0752658900521,10.4758246182417,10.4719065129784,10.3886257024004
"COTL1",10.0290593391864,9.94688298818717,10.0430045266193,9.65453722317406,9.58216711321279,9.75642909949659,8.90690967170139,8.86800398099507,9.0285431951704,8.82401987907746,8.90995874856293,8.75253539947861
"TDRD7",7.25655438498352,7.22302326370202,7.34296448812699,9.34129683705898,9.34829182197776,9.59202263122485,7.1154447628105,6.9727706226296,7.41395292873348,9.54929181369127,9.57484061051196,9.42023023656585
"DDX58",6.48035015387742,6.28215724179237,6.52478030034367,10.5229335450486,10.4841466156935,10.727348713663,5.68834837587967,5.53159248940936,5.99064383341967,10.8430049388405,10.7798814928154,10.7730844553271
"PHLDA3",4.99025629605192,4.87029686682143,4.87457946462473,5.0980167263626,5.01855527299749,5.45722933957764,3.81861324060999,4.34310831295095,3.57208013978153,3.81409517333589,3.81556628332922,3.62744590348207
"SLC7A11",10.5864048198588,10.5985246158468,10.6187708091842,9.54119671570905,9.47825835946401,9.70982950943621,10.1258581297836,10.1574792565859,10.3720256174784,9.74693846388687,9.6692213663148,9.5945855507942
"FLRT3",4.89655679803317,4.81324593201618,4.9764019728251,4.84706007230847,4.88301234407263,5.31216813078325,8.85751836628723,8.86202221602958,9.13781832753817,9.38402529295782,9.41677982604102,9.2560523710126
"APOL2",7.23344016118911,7.10165328268943,7.12562033802632,8.63247778846497,8.61978496777203,8.784382924359,6.72278864208809,6.71075999160598,6.50286473568083,8.50749596275775,8.52436406811308,8.29079861596925
"IFIT5",7.10147661775259,6.97767143944717,7.08738407500902,9.15089537571137,9.03179444894943,9.38828680944924,7.18658089268416,7.11501734252838,7.56980695189231,9.73038686214483,9.74896190652823,9.55396937161209
"NR5A2",8.72677237731612,8.78491050341472,8.84462782827956,8.31131679743522,8.18985539476223,8.49688139634654,7.69301408641801,7.49868108449132,7.80089656176343,7.2169723406291,7.2547444131615,7.05491617364515
"IFI6",8.21475907084455,8.24286245799284,8.28220746223612,13.245487034703,13.2492961309381,13.3733445785,8.11073490048123,8.08071329393886,8.26209223151284,13.3012817881749,13.3094167685331,13.2490356686828
"SERINC5",6.91921318010571,6.86807295012072,6.94122356884669,5.86221641127827,5.84769307007737,6.51969998440579,8.01595735128992,7.71851019846566,8.23076651165579,7.63065894630711,7.75426850416856,7.44981856043824
"RASGRP3",4.95676618877196,4.82281758963092,4.82715571687289,6.01884323186877,6.02232257084164,6.1234735391632,4.87537506693884,4.94306536960965,4.67119100108933,6.53284557279866,6.51899317821574,6.18248411112751
"BAMBI",6.851799007179,6.70514938826015,6.64089527145912,6.85429131766938,7.03954991078976,7.14076240760748,8.01909852852128,8.05614195864203,8.52140110755096,8.0913454760787,8.23678102179714,8.06654376192017
"GALC",5.89536370218256,5.8043721261419,5.86776555480615,5.64843969683386,5.61581078523262,5.84961036721715,7.01417699903087,6.80793843440528,7.31396515031272,7.13259553805609,7.18315311145108,7.05290590620213
"PRKD2",7.5070508767869,7.4394320301716,7.52554902828792,8.47778911794748,8.54110496787314,8.57954065208841,7.26352180964324,7.29298005794562,7.34249036760007,8.67161347660585,8.75570749305274,8.53145254095483
"RTTN",6.49911320082341,6.45719444264016,6.6018425301931,6.16112974298366,6.19092904550181,6.46118397026965,7.43855172107763,7.3586135785662,7.66226176749166,7.34154939168493,7.38025252679011,7.18574044604098
"SAMHD1",7.65531805435342,7.67408735184053,7.72164113645564,10.0426601813205,9.98615522282724,10.2824428889162,7.75154738244827,7.65146840798959,8.04089773132683,10.3678814403147,10.3309234204671,10.3075247551981
"ATRNL1",5.06357546865138,4.9966999494898,5.03472466515119,4.42982986513955,4.52771276314917,4.57089867494701,3.88614134944875,3.99087794362948,3.92625079841023,3.77679147947469,3.75588685348783,3.78330560594037
"STEAP2",7.17699224805655,7.28795691264918,7.20920397042934,6.75314585498535,6.55647079572947,6.9106471951753,7.88704480219789,7.84890314615151,8.10875936742296,8.0751760337394,8.1180491163751,7.91636174146573
"EHF",5.72681108884461,5.63459017472124,5.62550708645496,5.92412019786373,5.86476505711107,5.93026316262784,6.96124578301694,6.84162658429374,7.20503682428729,7.38624841426969,7.44609679936636,7.23551147074109
"GBP1",4.72319155143244,4.81005231035228,4.78283475442079,6.06188501193146,6.06443016655259,6.28756226261488,4.79975792100523,4.80181162701924,4.59025820589453,6.0816831637349,6.01948155504622,5.97652585604509
"GBP3",4.73611269961431,4.62814375110954,4.56422100412348,6.5466801021632,6.5598876530625,6.99547425986232,4.71588247266457,4.70231942071188,4.48266358581667,6.68629721058545,6.59407313509336,6.44544822022531
"GFRA1",8.61838934683984,8.75838050682009,8.70615571963165,7.60422540299182,7.46336378138526,7.78437881297004,7.190836579985,7.3454433288393,7.50034722531148,6.97124739994058,6.90226897081657,6.80586204008746
"STEAP1",6.19312786800596,6.27247312004158,6.4109647952825,5.9932566691188,6.33667684015496,6.47962996330902,8.02380369120899,7.79207158037343,8.25930615403115,8.47830804980458,8.63492369316905,8.36583233453407
"GJA1",8.98361646771355,8.84085529345799,8.95855382952144,8.81994294376619,8.78804986663643,9.14436846613776,10.4883450501005,10.3949216398189,10.5637726359151,10.2786691316266,10.2581425664147,10.2182708445286
"CYFIP2",8.35518562197922,8.35920841019823,8.49116625233554,7.98116519783474,8.0179888381144,8.1184797211507,7.01225472371403,6.97198993483978,7.10942932719774,6.78800463989928,6.75462352600078,6.78995053846441
"NOX1",4.23679587105963,4.25660910407216,4.28900657869577,4.44801804851954,4.54720999159575,4.07631159719714,5.17494674156312,5.07371447081105,5.41420225532689,5.54796517249346,5.73829613350991,5.51808415063308
"LAMP3",5.82959774358108,5.77260490204338,6.05848671182828,9.03405424756383,9.12601609545806,9.24504696397812,5.80907390180876,5.72353406086232,5.7036039318402,9.31645631545227,9.29816592932147,9.18589530624423
"TSPAN13",7.41561379672243,7.37424067756286,7.47820122529734,7.03885910975751,7.11483909572072,7.24165015706009,8.45082048348069,8.43351840921324,8.69051905759358,8.67538056022551,8.72852522103185,8.62901371561402
"FILIP1",5.13850808394607,5.01798645336301,4.98869373017712,5.11749539843385,5.13078533745488,4.81696288485928,6.09206662418247,6.30682344620283,6.26358959160567,5.91063012017957,5.9973189370479,5.78291162588856
"RBMS3",6.29448980155617,6.35131279167602,6.43078129605282,6.32098683423192,6.30214975112482,6.31083411437109,7.23875504537433,7.14600375197845,7.56700020665258,7.44601020458534,7.51192777931153,7.30746518107081
"GLS",8.52778175493613,8.52203273032899,8.524891299585,8.07086328419587,7.84543835058138,8.22114193237889,6.94696925210954,6.88860348468516,7.13995612500391,6.82376256523593,6.71269309526183,6.56764218524774
"SFN",10.1898418381521,10.1951575349572,10.2750831516956,10.1782031045295,10.2143710948188,10.3130194871327,8.98480407238782,9.11870002205229,9.07240505852713,9.08092317897408,9.10189137996259,8.97333540907375
"SLCO4A1",8.91015710933483,8.71773903488799,8.78746353619208,8.81353883539643,8.68774044745408,8.71038377244303,7.83486854628926,7.83920654629303,7.83364095397084,7.73369294285947,7.714154712135,7.70957063828079
"IFNL2",6.36389662675105,6.38686253497517,6.23843078298427,10.4263312867803,10.5443831965737,10.7384473898746,6.09102780577757,6.54961758240027,5.86411524878768,9.57093905637873,9.53683264624535,9.25947230737094
"IFNL3",7.64046906604427,7.63785043673086,7.18521367724776,10.3899298650942,10.5922085294989,10.5772677427174,7.22062885461584,7.51648958695763,7.23198089419285,9.54156912364201,9.6374933871592,9.41989223644702
"IFNL1",6.07686120472956,6.39913856768111,6.03643431283894,9.9635231493787,10.1423553620712,10.2401470160278,6.1909927128097,6.5549932150082,6.09341909514251,9.1623648783528,8.93236389058747,8.71272113060794
"POC1B",7.90917030698651,7.8750407963543,8.03146001958017,7.7028356145731,7.72984362756933,8.06990642093303,8.92849736451493,8.82814484098658,9.13865533175769,8.87337400595525,8.86922327335288,8.75735084497815
"HNF1A-AS1",6.796797206461,6.66061323375639,6.57388273270089,6.56033789237707,6.27638478965871,6.3048956489323,7.16019354818784,7.50725684911276,7.85701750921929,7.67641304846495,7.77951535097677,7.20982228800506
"GPRIN3",3.50981694165382,3.17024904993432,3.1346139698075,3.28009819943891,3.72776655684568,3.56621046355554,6.81175848659008,6.69045788003456,7.01614099120349,6.59753869783325,6.87811043711419,6.4626672642157
"GPR37",4.82813547265862,4.76724598501742,4.71434987384201,4.93216127334465,4.83532101268923,4.80562451561911,7.04578410881562,6.7898601387176,7.14302147276992,7.81779823688756,7.83108580434078,7.64020320788092
"GPX2",7.17474588348986,7.12637781091706,7.21838675660806,6.73392241283594,6.73439024926095,6.71237572257362,7.83305277178653,7.88935955084865,8.11641758570249,7.75212703669697,7.94981004308717,7.78081676637025
"C16orf72",7.9857537799125,8.07955161042748,8.3010828631023,6.98862587733805,7.09762768316593,7.27170032066093,7.94576688084032,7.85269903804218,8.48158618351129,7.76984653947308,7.78870307421553,7.55000661363854
"CLEC2D",5.35585666665208,4.98721611906843,5.00881339413761,4.86341746738624,5.00908547209213,5.03952310049062,6.01251742439206,5.87441111661249,6.19742862917344,6.22576935097019,6.16374250543789,6.01270767245461
"CD274",4.9975215709139,4.82525557857503,4.88845070359826,6.64725381368373,6.68910173327913,6.9849976437912,4.76251706624187,4.84814886421027,4.65183011547073,7.55617941075995,7.57088529265191,7.24780844741414
"GUCY1A2",3.8998245621501,4.06318484680505,4.16991168700086,3.99739213976904,3.73575838135002,3.72440510401042,6.37517691284891,6.22528036018335,7.27673107829858,6.06958685354799,5.98994395199617,5.35658414210889
"HAS2",5.93508534199571,5.78620928886739,5.99660458654803,5.66316138657988,5.67591481963889,5.80873768293309,7.21343263249254,7.16966808914972,7.57640833041253,7.60372589706887,7.58370205057963,7.38455420734035
"CFH",4.15878165116579,4.11583570237531,4.11972217880403,4.93136859518316,5.04893510596535,5.22588830141349,7.89286167185441,7.59579602576398,8.13284937482823,9.56426883576633,9.44092284861484,9.42064783863065
"HGF",4.31092075436088,4.23024116551023,4.11882886399375,4.20587903142291,4.28928007106561,4.09305145457117,5.76222730437626,5.51862227322376,5.96320669972072,5.72678136826613,5.56566617123217,5.35539009238967
"NRG1",8.96463931082352,8.95539205102474,8.98088168156359,9.02442238608214,9.03196281353944,9.14360002144528,7.9206365913652,7.78747801410937,8.09398698388206,8.57931345158425,8.57696817158319,8.48993211887485
"EHD4",7.21621694910766,7.52009166476038,7.45684305890547,8.59464560657273,8.61908130289688,8.83665979934976,7.36264733336679,7.08945009398545,7.48608232255002,8.99165302501961,8.94490748053239,8.75609769007306
"HLA-A",7.98768565243811,7.94449778945425,8.01388970936213,9.44013176636474,9.53763926052716,9.65922942950204,8.07714475419985,7.98722140780106,8.22757641908491,9.2697680199987,9.30784803751088,9.23503373806888
"HLA-B",7.22670666297133,7.10208934455396,7.25044837899402,9.25444066802647,9.32467662722792,9.3511418423846,7.16055131064151,7.14008851650184,7.211823837631,8.96881344667392,8.97733163956253,8.74707167671537
"HLA-C",8.55424959140145,8.58311212594958,8.63684759395186,10.1808305496302,10.2230328869264,10.3266445821045,8.44848792339175,8.48365201377944,8.36592670943502,10.0433668743278,10.0139931747915,9.88807536854116
"HLA-E",8.35000988510174,8.23872365056735,8.26416326130886,10.2368193513922,10.2557934927061,10.3580655894458,8.18014612726618,8.26546082320376,8.40943724804019,10.3711402564379,10.3748730503306,10.2484400301499
"HLA-F",7.2645906630438,7.37143242903746,7.27114421582521,8.61089164338531,8.59531332605419,8.73584539146635,7.3287984112369,7.37392673199313,7.31247863090965,8.63698262936923,8.60096137032893,8.56185507169489
"HLA-G",8.16447730875982,8.09873057117017,8.11062878815951,9.3746437586194,9.42181409298604,9.54763491835547,8.00511811859019,8.18899610457681,8.14383693752917,9.20069960869698,9.14670176667038,9.09951463972312
"HLA-H",7.82900848454501,7.75167543375261,7.85406311914958,9.48092271231859,9.5226754285243,9.57940810061814,7.97521199987414,7.86568078147376,7.95864677559987,9.31945156732937,9.44360756864224,9.24118960052878
"HLA-J",7.21497072725687,7.24609290510123,7.26830395953638,8.19662249432982,8.28655282467332,8.40118938264455,7.29630032754188,7.35479002215627,7.04230833908023,8.03102122830829,8.11469436944597,8.12818812096507
"HLA-K",5.60792118695766,5.40562005096158,5.43380856106186,6.48180550605788,6.77032449274223,6.48902922062274,5.55625007514665,5.41355733599987,5.54099240390252,6.5465800807336,6.50700724579139,6.62360937474831
"HNF4G",5.28210099477034,5.13875847212802,5.26640722517338,5.71969549009421,5.68505300877366,5.62239221422326,5.90293568509795,5.73843845572536,5.88918254639541,6.9716873426291,6.96773207109517,6.79570507401979
"BIRC3",7.445210584853,7.25351671866285,7.42641745791542,8.89279082084058,8.71598130154173,9.180316138729,7.16805872858753,7.01757713090991,7.28610693508061,8.44853923130915,8.3775561213852,8.3606033429656
"HTR1D",7.8672701718159,7.89025405917685,8.10333187776953,7.16496874139261,7.04851967508403,7.45022839969505,5.83723663730917,5.66545044091671,6.10595309657323,5.46519414435294,5.23484046251143,4.76668040320438
"HCAR2",6.31691260287522,5.84420703884221,5.95350055578314,7.33681617420071,7.33247960856835,7.63880579305704,6.1515938828915,6.02097443495764,6.08006523225071,6.50813602682983,6.534377298492,6.41164218380163
"ID1",7.94014322239552,7.93438185239236,7.93075035521535,7.97792981073209,7.96773198685944,8.06400691164483,9.20081603269657,9.42773539909824,9.56641468133148,9.6548839421105,9.95664257063008,9.48950329383288
"ID4",5.67211654464168,5.48539814719053,5.51557965692417,5.96313083621469,5.96564152621761,5.78078821489195,6.29094409852192,6.37610401732565,6.20719764539274,7.15941586129539,7.20077245211242,7.24547972171595
"IFITM4P",6.33371343448643,6.40369802475545,5.88514768223495,8.72551269019089,8.65705319011365,8.65297557979192,6.53161629074162,6.73127961914064,6.71328758678788,8.75194291448352,9.13977226375457,8.85492589474458
"ACER2",5.49067639672272,5.36453186296418,5.66511470040956,5.73982042466493,5.7091673625161,5.73484849894701,4.51509312935749,4.70963025175169,4.3108927992048,4.69754616183594,4.67740344060114,4.74576269395549
"IFI16",4.32717577278657,5.20787048416581,5.05225986766103,8.85823489941118,8.70961916674637,9.29290024159922,5.0570852171161,4.62254091295598,4.84399610321052,9.02092850188963,9.0171856855747,8.76037178656602
"IFI27",6.07516466776451,6.202164764092,5.77202848336232,9.93459697728795,10.1616533554744,10.2711824116251,6.28138012572533,6.26586146466645,5.81933845619955,10.7616657642001,10.8778538518538,10.6356292109972
"IFI35",7.63892109908959,7.52440268104553,7.58393949133434,9.94453502977826,10.0254995424661,10.1610005360355,7.63254096826672,7.54585832418334,7.59858564196493,10.55229179261,10.574346831315,10.4266761518945
"SP110",6.14668058575601,6.09312320981657,6.13412760508871,8.79080851704668,8.77265999317009,9.08684646049241,5.93795927163289,5.77067621378333,5.93923053059179,9.01852458634505,9.021364692004,8.83084874033787
"IFIT2",5.11854799004363,5.34009396602549,5.23695698988658,10.2997361398957,10.3743821842689,10.6829393044472,5.17055347619144,5.72085012188768,5.29139606661148,10.058191708849,10.0738940655857,9.81279447133914
"IFIT1",4.25894463898816,3.8610590698283,3.92407593641229,9.36680710518341,9.17682358346994,9.38140819479618,3.96697768312754,3.64022774466925,3.82588559730413,10.073561309154,10.0992189868504,9.90522114484032
"KCNT2",3.4752635205806,3.45857287199218,3.43534215118124,3.62123370912455,3.61782543558177,3.53298574265536,4.35572438444547,4.30521826755183,4.42171217005378,5.2137704580004,5.24894983742575,4.82652678805189
"IFIT3",6.57176590508329,6.45498325626062,6.08600026168866,9.88162001414711,9.89432448870921,10.0176530606581,6.40490156985574,5.81389796432796,5.89441082087873,10.6003489016382,10.8188230204553,10.4737096567426
"IFNB1",4.09987150895942,3.98244883340025,4.24981123708798,6.37564381128966,6.3939366991815,7.18267902145306,4.42550182855997,3.96263355872476,3.77929340075568,6.14138023758902,6.20317368479192,5.65293002385082
"IGFBPL1",5.21710202894944,5.5209981993226,5.66390717575381,5.38661573987303,5.42245105114951,5.27613497128392,6.3446661410169,6.462270718963,6.74783255079712,6.49861865884317,6.447656445545,6.12235831246866
"IGFBP6",8.21269072438992,8.26753640998024,8.1645265241582,8.850753764577,8.98103190196388,8.85030567497162,7.78225505158084,7.87544809281216,7.81416851672955,7.87961770020597,7.90047169670897,7.87060853507378
"APOH",6.34535085185493,6.38163001192698,6.4669171031472,5.09873315625186,5.24611976597628,5.43150611649955,10.0619024769181,9.97517470406358,10.3124422396406,9.94136369097898,9.96911660126086,9.84479259359277
"CASTOR3",8.27225978000915,8.27715739778608,8.34665788955158,7.27711331583115,7.4334222973306,7.44522706829341,8.91920465418751,8.96451223385906,9.1531010431574,8.51602649149762,8.58478556046536,8.36538279536237
"GPR141",4.82994702263968,4.71377353362677,4.86824005199174,4.75365636956214,4.78559372653842,4.76443862753943,6.12329053565441,6.21926055499796,6.49898334930058,6.60825631815505,6.70606188355204,6.42475077350714
"FAS",7.75903271984184,7.61864167014792,7.77653239698783,8.95095977494269,8.81807780735402,9.15594356791673,6.56373858855211,6.59926870440921,6.40505379128211,7.51757784987779,7.57954731822527,7.48196743608153
"CXCL8",1.97844800406067,1.81632145262106,2.10085852587049,2.26886913372505,2.67206635697662,3.26796223454274,2.47149812346889,2.29863513282735,2.93990240371723,4.36062337052554,4.04489086675065,3.71167291519129
"RFLNB",8.28652832607673,8.32841352550376,8.55624713286262,6.96702819911173,6.89392302309737,7.22423127932638,7.83606158018737,7.65900873047044,8.17925626773348,6.8513161607331,6.9325038563712,6.81484002412269
"AQP3",7.44778034852948,7.33377132193676,7.31693251679971,7.31241763456684,7.43685645717063,7.10985404659816,8.87641283519366,8.89447806962301,8.98136112913267,8.6129197816912,8.69507204343428,8.63815804416724
"IL15",4.29223649716432,4.39936256310692,4.08421258054821,4.91637784839658,4.91235849293696,5.00400794912608,5.15198536900983,5.09961282093126,5.31000027954634,5.97237500913147,5.97089490987537,5.90632432449568
"IDO1",4.83535588393893,4.83669505774799,4.89792398786447,6.61606768829926,6.81583807985965,7.05710598150643,4.70473326727514,4.82000302902725,4.82921446608274,6.9663510678607,6.99628294533689,6.93879027236641
"CXCL10",4.2948749891256,4.06801577824759,4.11930888386406,7.54639383527856,7.74117329936182,8.17057121961409,4.44903243079858,4.51473798436292,4.13852804037919,6.01167758843461,5.86788637622052,5.89644120945602
"INSL4",6.20386840519522,6.14325974679124,6.3625607638046,6.20934011858671,6.25275178078457,6.14568217273151,8.7305432093628,8.76492230966834,9.17274064647712,9.06335234404946,9.00590310725702,8.86887251574672
"IRF1",6.62808052867594,6.76266712189874,6.80431187951897,7.8812513761021,7.88797715342497,7.879576488837,6.60034596548128,6.74165486831525,6.53439418968023,7.96839391566392,8.06349082012264,7.91512226408829
"IRF2",7.55784843633247,7.42091521509829,7.56634353452705,8.38449262595446,8.34984380725308,8.56242704819521,7.63783118355471,7.4478459785464,7.76711551767387,8.95244136473358,8.94162608372713,8.79613508000312
"IRF7",7.738269208483,7.79005841317371,7.68994609993993,8.53544613363185,8.61334295396617,8.51245553015024,7.56810411267202,7.70398865746524,7.41880845474145,8.64200755417547,8.79658730186312,8.72795788651265
"ITGA2",8.03015400163991,7.93805185457897,8.04535392629981,9.22082295806226,9.10119512589375,9.42186408495307,7.94275169026952,7.81541572536925,8.17795770167609,9.01930650928677,8.91754813789831,8.8562360932513
"ITIH2",5.03713852312885,5.03449685363625,5.0045746045864,4.95230287129597,5.06773053937628,4.74620648450341,6.17868986455705,6.2196030049611,6.49972293778881,6.42749153604589,6.32619892544745,6.09178171366696
"JAK2",6.34982061428433,6.34313786967603,6.416185280861,7.2720258435653,7.31704849857917,7.70766059454027,6.62601698222873,6.43488875297987,6.88133637043419,7.83124804635463,7.6924599218438,7.56130484860832
"USP41",7.06414606962211,6.91491689121591,7.02732286090586,9.21228138453919,9.31316434971466,9.62245583487143,7.08440934616043,6.94962089731438,7.10826943099414,9.82753577017007,9.88889985779286,9.69401152287979
"KCNJ2",6.28814668604399,6.18468542205327,6.23481531220953,6.63235511605825,6.39636335801728,6.79079669955924,7.0936641043612,7.09134993974377,7.25960392191889,7.93102895260763,8.0241907917642,7.81015143451645
"KCNMA1",7.02185926501874,6.92638863799447,6.99556940216806,6.56377539066933,6.49765975734464,6.49392327374223,5.68079236043313,5.69405018904292,5.64010078342461,5.54894204781334,5.56217487782877,5.60930730587877
"C12orf75",7.32549997975178,7.58171834102883,7.6329555546702,7.38813016473854,7.43395760593677,7.77805207676917,6.33890294607641,6.24286127927023,6.61291177838209,6.57865268419572,6.44685230011125,6.32099653819193
"LAMC2",8.13864096072424,7.88872114222203,8.04801152738853,8.56355205936153,8.41153656923522,8.69996862080643,7.14648548669125,7.05383793477346,7.11769553772008,7.14197577450058,7.14288740641444,7.05986046469373
"LGALS3BP",7.7321119635337,7.75011283840887,7.70189490693774,9.52465896808669,9.66603748644614,9.74553536064191,7.66186655104333,7.69264010690416,7.58392839324187,10.029687519401,10.0873505175192,9.88552140685216
"LGALS9",6.67591506234429,6.56506434745906,6.50957867557638,7.0888910363176,7.1315970743019,6.92365599141572,6.42356247824801,6.55689760451841,6.3423801712435,7.96974444709756,8.08124092695454,7.88399544243282
"LIFR",5.58571226285348,5.39901481809871,5.62386456834152,5.70194702053681,5.71463620029181,5.999408510754,5.66074836997098,5.60292739896495,5.83741013810654,6.93250599814445,6.84082269156647,6.79699809264289
"XKRX",4.94513157387796,4.75331434016216,4.85225708742772,5.03687766274561,4.95002914174317,4.91032245041187,5.8689490740413,5.93717244878456,6.21775621984024,6.20918917353477,6.14525818231197,6.06129857364471
"LRP6",7.13501213896084,7.19213207945149,7.28160443340962,6.4145824958605,6.53294906192018,6.57515399648578,7.59051762917735,7.5362240739519,7.95706838695797,7.74071698416019,7.66750490581786,7.37638899462158
"MXD1",6.69282890442218,6.60759322571482,6.63510099223227,7.58600978907072,7.59344104440041,7.77558151868334,6.56609658475197,6.54137859484813,6.57335521196831,6.87367640071457,6.91290763512045,6.89353695529035
"STS",6.44053423630525,6.46719333536754,6.39984315666358,6.74295517565356,6.77682997486592,6.71083712599381,7.17897703755143,7.15676706614475,7.28857575840638,8.05036146147705,8.04164852237534,7.89837122453592
"MAOA",4.93908006448306,4.93910585091339,4.86456749535258,5.01984888766915,5.03484282774567,4.91920154179013,6.07997839103021,6.11710511397721,6.33632064016144,5.69149629953476,5.87974937445534,5.71238770215035
"MAP2",4.86158702151718,4.94331648213242,4.86413099649629,5.28535224589198,5.28639261097366,5.36876180977256,5.44003895016885,5.4478056849609,5.45909962970512,6.35129635662906,6.49896922683175,6.18698178802312
"MDM2",9.06243359206261,9.10273481830216,9.21513351017867,9.61376271815615,9.68541767372705,10.0069407634567,8.15320772453413,8.05066815740827,8.43848779572471,8.3076541643153,8.34949380686077,8.23191042530759
"MIA2",3.34787956048689,3.29496277266978,3.36400559339453,3.38624063988118,3.45129252159416,3.53986719306513,3.69578750842802,3.55901542945241,3.9889392469349,4.52363357373416,4.70632098608414,4.37959764325165
"MMP7",6.80250636550034,6.77828110849386,6.90551919858779,6.70588766694879,6.7243372119887,6.98901919454985,7.89738810586813,7.76438874809433,8.07258398056472,8.13894804143462,8.12180913403613,7.97200294723456
"MOV10",7.41615690586148,7.38284121269832,7.44660722838175,8.05740359897803,8.07927867703462,8.13035016791206,7.30071703736099,7.34195130440891,7.38565122293405,8.46395052391434,8.5637763571999,8.28486119642219
"MSH4",2.87255253155392,2.78827567056771,2.77353377863886,3.9815183081374,3.83409743314773,4.32179777444009,2.84486844844329,2.91914220671995,2.92528440598455,3.6371037988698,3.59343908423834,3.41095391440598
"MT1A",6.26794363155541,6.46520430967417,6.56706763160581,7.25125209799738,7.06527163073247,7.3255886496214,6.51513820761938,6.20511494953076,5.97474205581509,7.3776040252867,7.21791542609684,7.12171943948728
"MT1B",5.44457999434244,5.21189013567963,5.38242232722438,6.54835269893352,6.50782854522885,6.38885957975642,5.36756495985991,5.42759269920578,5.17890071970036,6.22544897884265,6.27575844173135,6.18243770553983
"MT1G",5.73626105924433,5.77549170334231,5.74418626285598,6.6643158303236,6.85423953782344,6.65164415885812,5.40582426382169,5.53050505893367,5.54874320507325,6.66140747339882,6.56533691786687,6.54897176733416
"MT1JP",6.27708745712451,6.6199534548544,6.37167390008151,7.51468106575266,7.48067102315064,7.46158555092221,5.99179540068227,6.25590204564366,5.86841283748612,7.30404263338016,7.40316309918198,7.10891370151828
"MT2A",9.90727337477345,9.62166442739056,9.80321773747394,11.2433199842351,11.2170429569593,11.3055131548717,9.43430307778975,9.22392075781066,9.4862582438857,11.2093217531275,11.1372609933368,11.0396597122498
"MYD88",8.29848949115256,8.27884354082706,8.24053062902589,9.68521085730557,9.5754759593106,9.66473899582756,8.36073668001091,8.2890210778634,8.47715473384479,10.2508605669966,10.227998792323,10.1099091232664
"CEACAM6",6.32941737508169,6.20134773323913,6.36857076792522,6.42922816875828,6.53155348262567,6.47997530542938,8.03795031614766,7.913765146313,8.30180243972801,8.44590899195489,8.39796826209654,8.08693914068338
"ACO1",8.51133018105443,8.40246295528996,8.5539993434935,6.72371194596325,6.70275604089193,6.94244668677556,8.12251742098918,7.99148822084061,8.29399413140576,7.19191853056059,7.20796398996864,6.89642278485664
"NOVA1",5.5059386087859,5.35776881149072,5.50458656951994,5.33995483875709,5.37545165972244,5.27220514752207,7.71050214499745,7.68996350521652,8.00302748806589,7.57457538481394,7.67702479820688,7.38108358955653
"ATP2B1",9.15189854765585,9.15283141574802,9.17861441228187,8.83497221651714,8.83140387696677,9.13124079331283,10.0601853134833,9.93062516156036,10.2068502295851,10.1263998184097,10.027173504485,10.0487778015552
"NT5E",7.20432271308108,7.00644738016168,7.17782553356474,8.64494719367437,8.54882999567188,8.83443505975672,8.08212781308716,7.91432017402543,8.1852644416246,8.74703412889471,8.68158681382181,8.53994530470984
"NTS",4.17782613800508,3.95364306925042,4.26309749274874,3.51282480709369,3.99536515874398,3.87820663857929,7.89488158315883,7.65063460255968,8.33595646227954,8.09163346354088,7.97092413500338,7.87565501985622
"NR4A2",6.8940188824533,6.80527328604421,6.96751467162929,8.06399670450979,8.17689433514774,8.26137894935421,7.54813106217745,7.48609610725848,7.74407292309756,8.11645355940348,8.12472053343641,7.98742507615015
"OAS1",6.03039172616434,5.81076313629168,5.74432608686611,9.10257064974316,9.17987254609217,9.44565224727536,6.04866765578092,5.97988418487185,6.20018055540983,9.51022635210501,9.43597166599834,9.32547664858707
"OAS2",5.16275234451779,5.0757908049495,5.09024323887803,10.6721069327684,10.7264605303848,10.9570099812015,4.97231512201661,5.05420381380954,4.90006301058061,11.1417926002502,11.1444946413362,11.1405868145185
"OAS3",7.80139452646745,7.69256524499023,7.83202774547354,10.1725941083214,10.2335333375727,10.3755264370835,7.834685019109,7.78854250110818,7.92817598394389,10.7069437257892,10.7346626724359,10.5723954834661
"OLR1",6.89405228597715,6.62906782688818,6.94615458824783,9.18287110556122,9.31424629350505,9.6294809197471,6.33011725019785,6.25750833801292,6.59810467383474,8.12226893969449,8.00475898458046,7.86213011776644
"PCDH9",6.58151947879903,6.55399476005277,6.6271289958367,5.64238147910754,5.59711649087428,5.81310942975822,7.01890933238904,7.01430104661663,7.25282946518303,6.92077083500398,6.9945369407154,6.8074933394294
"LAP3",7.03716131410355,6.983153624592,6.98635614541094,8.96539059578187,8.96204137698139,9.20750928205083,6.81213342551107,6.76226453083521,7.00553592184137,9.2568636261245,9.22534489695646,9.10096128850024
"RPS27L",7.31514166229636,7.26698732885178,7.18564199594445,7.31753180834682,7.26412920126519,7.51701051642393,6.29495653274913,6.34905735892195,6.35943635136289,6.22699676485663,6.24403051110869,6.384212940842
"PHF11",5.79894087688563,5.79794366281438,5.79833118419261,6.51271104269117,6.47356804169986,6.7110596402401,5.83839887140806,5.83740804674296,5.9389983968606,7.35367621890514,7.36607389218061,7.14397379529035
"HERC5",6.38020373837061,6.4189495323911,6.49235769842265,10.0512845143586,10.052644176389,10.3164054430696,5.4736494368837,5.3304694008633,5.56782880289133,9.9350606321987,9.83760048624114,9.82166741721031
"NT5C3A",6.12698188644934,6.09757091679641,6.2208274871353,8.7460919353036,8.64225850586897,8.97483860655372,6.27500597119856,6.23861485110233,6.56293629442628,9.2560051558455,9.13793224478534,9.19297383936319
"GCNT4",5.03160934456345,4.98931076228755,5.215670816228,6.08843287753302,6.30731863838668,6.45307715416862,4.7581274412911,4.72754881907517,4.84066659537635,6.25675728729,6.44159076645627,6.26053634482979
"GASK1B",4.37513242500563,4.34395727563564,4.27601909158276,4.36783120140431,4.38048377719087,4.21861433631869,5.82542472379296,5.87863346928535,6.05750577207585,5.61572592684492,5.73102995002487,5.38607993746879
"NME8",4.37151891351232,4.17238904587941,4.19493534818608,4.23680015923084,4.19331881763707,4.12225060082969,4.96905651211685,4.83676852629752,5.20225307678626,5.27718753110527,5.30372436248179,5.19494313004794
"PDE1C",5.20647934676405,5.15953767215772,5.38242354997993,4.5572045328419,4.21625436761491,4.64470219961989,3.54071840578564,3.7312435769897,3.67693973115975,3.61053620096897,3.4014993345154,3.54962239209437
"PDE3A",4.90600741904766,4.74800403855652,5.01973041956868,4.83730383776453,4.83323803987746,4.90972895782112,8.35747011903645,8.36259830959229,8.78557242025385,9.03822922587675,9.07382350047295,8.87908282056272
"PPME1",10.0149620243049,10.0989644420179,10.140086895882,10.033826684213,9.97674107182566,10.2041721993096,9.01813950372848,8.91465028139022,9.23811527158979,9.15181882640446,9.15463475201431,9.0338665052766
"ZNF107",6.56882200546663,6.85656757765794,7.04510479504002,7.95789432970714,7.94024598216479,8.5882184716231,7.38560247816434,7.35202744509421,7.81413073088725,8.90383585308453,8.68369494634012,8.7057248186678
"PDGFRL",8.53659592711737,8.35363145408733,8.43444660096521,9.60968079704115,9.52171266675407,9.63658924781587,8.76831061283056,8.87095224807277,8.86495569502507,10.0577642686398,10.0559883361033,10.0247067840601
"PDK3",7.3468413349004,7.48745045192482,7.50823414619851,5.94543830347752,5.83199899256817,6.30405184561752,7.41139099981196,7.27694150663422,7.77747130223204,6.64936750333005,6.71425394144471,6.55711270098301
"ERAP1",7.42590838654777,7.40644865790931,7.47775929120407,8.56824059948593,8.50998247572918,8.7854917396667,7.71111080840439,7.55621995935651,7.88579005872346,8.9693581091445,8.97770536795448,8.87684915684797
"VIT",5.00561358033682,5.05898828417756,5.02269085391955,5.13760161742278,5.17414583723955,5.06367393910983,5.97634381387707,6.05922509611917,6.25168482527474,6.0847852927841,6.01769220328868,5.96829293528029
"SERPINE2",6.9122665398555,6.83664284603489,6.81942986593609,6.94938125171627,6.82982016545378,7.00894522675489,5.86435855937003,5.78500520929268,5.7985100806282,5.90882346729997,5.79697439096721,5.75381437295962
"PLA2G4A",6.36883554641436,6.63216764232924,6.7305623501178,5.89762662267989,6.07132041072085,6.50535579885509,9.34058986784967,9.26581924032794,9.62502329106021,9.50123585735348,9.44404061235851,9.39848011077792
"PLAU",7.90009653277632,7.80230911296009,7.79053626812893,8.48342398393984,8.41501448608034,8.56921048918907,7.07795694588098,7.1040221857896,7.05862323047057,6.93504047800218,7.13398665271327,7.01706658579293
"PLAUR",7.37996890374755,7.27412187073717,7.33447822340783,9.34977427274419,9.42683349959098,9.71341812375043,7.11737083129683,7.03648862219592,7.12661774166475,8.24822997346872,8.2343840484343,8.02907034466624
"PLD1",6.56554836760641,6.4917083249324,6.58298388561631,6.18806090274645,6.20644023157449,6.38298966258422,7.38380434521139,7.30187713204082,7.61098000847125,7.53898317602657,7.51631789158201,7.35723291699721
"PLSCR1",5.79810276050348,5.73190986329342,5.79552575245779,8.52681857839801,8.52917549502204,8.80130429502985,5.98309031802271,5.90826054056143,6.21910324420866,9.02860041913623,8.94541274113275,8.81853120375041
"PLXNA2",6.48082497032056,6.58017487386817,6.42565612567155,6.63897108832188,6.6060176125848,6.50170555860279,7.13346872545896,7.2237721020377,7.26910981459003,7.71247347793431,7.7297697516061,7.58827373727305
"PMAIP1",6.04490924537729,6.13516718617653,6.3534252266523,8.44208958098612,8.52249734733328,8.96520234220737,6.29539361864696,6.05462461014386,6.60527248603035,7.70431150998385,7.57667092420013,7.54606622306219
"PML",7.04160035977427,7.03537242025723,6.95713313023319,7.91279802819806,7.93611315017409,7.91783883079392,6.97584528965332,6.91139392319153,6.83054184119207,8.10909048739236,8.11105739009844,7.95914852010806
"ARMCX6",6.65517358380478,6.7503755296816,6.94551938703333,6.70557856137448,6.70994978022734,6.84485901710651,7.63853655205788,7.60813443214841,7.96623487072273,7.93502506189717,7.82223046029912,7.74876926824575
"USP53",7.39754352659902,7.45982450733227,7.46703476269677,7.11118534664486,7.15789069143745,7.49067579141937,8.34946415771996,8.32646839862088,8.63891590549805,8.42862507237644,8.35989295932023,8.30202593392669
"PARP14",7.27781693860295,7.22643771520889,7.31144234266994,10.2422848015612,10.1726046999126,10.4034243768079,7.30026101125284,7.24021700489767,7.60982121325303,10.8970831377559,10.8148271610788,10.8076672015318
"MANSC1",6.87995870527251,6.85142540510348,7.0175908155491,6.84934332379528,6.76388252777541,7.12373558501104,8.17386254344467,7.97776061061484,8.62493952502034,8.07233419773978,7.98823627624936,7.92169173030513
"XAF1",6.20503709999953,6.15267132081348,6.09232080790976,7.64990850124546,7.73661675218511,7.80960139508735,6.10176158000709,6.13688689032721,5.90041735286036,8.12904198444668,8.13348664048027,8.15814480176992
"SAMD9",4.45862585655364,4.46020561699954,4.40288824624868,9.05484276313401,9.08987145421185,9.45941645025033,4.60454573893417,4.19147466397617,4.47913429172215,9.3944780769536,9.3573297830537,9.33771820209514
"SYTL2",5.90008013865002,5.72822237277414,5.80217190471492,5.33396228808321,5.05112742210416,5.56216870880335,6.92093736648969,6.5725224587484,7.14371923861592,6.62143887942539,6.71103182622626,6.28384749310445
"PAQR5",10.0739506568855,9.94980888629148,10.0438163324843,9.62786170927081,9.47048623873965,9.64788814143531,8.48721356005946,8.33902648173476,8.5237386599044,8.1461115373224,8.07849166311206,7.8397451350934
"ZCCHC2",6.78211866151044,6.61633603155714,6.72289978748221,7.23937347226696,7.2282796640275,7.50552763489015,6.85378922720581,6.65938489481469,6.99179304505097,8.01145379477443,8.08592226447431,7.82306202569609
"RNF43",7.07226097622356,7.14219570570075,7.2086636532031,6.76827894000293,6.87444147448427,6.95711422626431,7.67275718293017,7.68765646816866,7.78994183023006,8.12556913356158,8.15116098360165,7.96040591384042
"HERC6",6.76328959933599,6.64309136205249,6.76080724058678,8.79245647794464,8.73560885905104,9.06260791605053,6.50433025641197,6.38070982488019,6.70250873926,9.30272769865405,9.21427982127588,9.14248741713065
"CCDC198",5.83121904072405,5.77017916965614,6.00214844397212,5.31003273401588,5.27077654397538,5.63062828515615,4.41873938822719,4.4916465279548,4.66504794416513,4.55044235984521,4.32161886345671,4.35504613291302
"TMEM140",6.36111386278478,6.53395761319345,6.49185812911197,7.96750222010648,8.03646794942355,8.25069629404691,6.37526456061081,6.29876531288247,6.48686075345163,8.74375561309749,8.64218300680627,8.55189007057429
"DDX60",4.89946446265336,5.06267118836253,5.05936703438801,8.09513066611992,8.00900936110005,8.37998974436747,5.22755523426267,4.93316806263844,5.46545308953933,9.55667850786983,9.43933026443345,9.43544787152825
"DOCK10",7.99171858869148,7.96395721597548,8.07290478258159,8.27313398401965,8.25956039010396,8.55631480984175,6.61532871310474,6.49604226260719,6.87868017236069,7.30465608715098,7.32800102941083,7.1164517655951
"PRR11",8.94278778538732,9.01581559446881,9.09404932152805,7.73694151671986,7.67879495795495,8.15285066229557,9.06186647914543,8.86253650192502,9.33519802952707,8.55073848497835,8.58999008454195,8.40652481382761
"PRKCA",9.270842013311,9.24203148482774,9.26490353485936,8.11177735306233,8.10197158982863,8.34077142156311,9.63412011542348,9.56361627405104,9.82841679764753,9.09086705156045,9.1655103826416,8.94086144906061
"PDGFC",6.18951619124478,6.21320208648368,6.27368300442966,5.64973752848224,5.8329351256954,6.05996099674594,6.95998817405345,6.81194773903433,7.30691794610043,6.97808026732194,7.04548792930552,6.80588140519562
"MAP2K6",6.26605083149856,6.22694449533426,6.33037641401687,5.88957344558099,5.94289220547731,6.16160851643845,6.36472163385692,6.39618263001116,6.65330109150743,7.22413196302776,7.34371731286403,7.07743011342917
"EIF2AK2",9.29060278414407,9.41097850914638,9.41482751414673,10.8528352693639,10.7651854574543,11.0511933923132,9.19808855046484,9.03407865002025,9.42885055868544,11.3314900632389,11.2066663695362,11.2514048438109
"KIAA1217",6.62071615968477,6.55067080752544,6.5901946900873,7.28379536786606,7.29674504250953,7.39466687813719,6.40904778366736,6.38166084335782,6.36938999838632,7.39903302037093,7.54511880409017,7.35976561570187
"GPCPD1",5.80084660344024,5.91845235840207,5.99172490023904,5.78789836299439,5.78684430391778,6.08254481627342,7.94958150351887,7.94168542710878,8.2817063427562,7.90478198227615,7.8942701233601,7.73091902537452
"DNAJC12",5.08631757352219,5.13243465544958,5.27989034348584,5.05417480876548,5.16509855386338,5.17843543313781,7.27114684004709,7.30458477043081,7.71156987676804,7.60292901120538,7.5924497723147,7.32075644520024
"VTRNA1-3",7.35214001609922,7.17260665372212,7.2384286344393,8.02439645042912,8.3373973644072,8.40762399472876,6.66159632050055,6.78106378600954,6.86019432767276,7.91988821786023,8.05513186843132,7.61389713811087
"SUCNR1",3.82495962908922,4.27269868153267,4.46678165447175,4.47253559841077,4.8902865530171,4.69767792663454,8.24978452859156,7.90051728319106,8.43645661586528,8.14239219392561,8.02804136466072,7.90784955136102
"B2M",8.91730070699687,8.84910027590977,8.90533996325475,11.1150040216598,11.0776408426312,11.2213545408586,8.81052187049536,8.83025392008836,9.06726159061845,10.9804337173061,10.9190876413823,10.8825896354512
"FMN2",7.84512926564135,7.57847141249972,7.80603719172693,7.49012702274807,7.55466673202619,7.62066192512962,6.19700844849084,6.23552368882384,6.52225918275015,6.18721181991695,6.34222152112308,6.19855920705021
"ZC3HAV1",8.04879331391413,8.07205504907463,8.12280409427589,9.43523202868435,9.47437951210025,9.71937210078238,8.02438932205433,7.90387804136796,8.23687863890445,9.40914671879711,9.38770572838066,9.22901914563076
"TCIM",6.28827134764519,6.43791573148927,6.57341207186642,7.38427949270085,7.35181655049349,7.58806231375103,8.02845943116129,8.02442033914986,8.21554087916577,8.96740972519754,8.89746138049252,8.68394363555833
"PRTFDC1",6.69954537107256,6.71844821125941,6.75955995328484,6.23708004459072,6.46609722095885,6.56993666012312,7.53397273317405,7.58514516691746,7.88792550662476,7.60839779859393,7.71931357908982,7.53688860318342
"PSMB8",6.66784100954503,6.67821999017193,6.61890192464595,7.98736015901279,8.09772825645726,8.13313398287993,6.47986449861279,6.61454913213663,6.54194946154554,8.33332278221626,8.28568747513668,7.97751515198499
"PSMB9",6.32493178899608,6.21164101647488,6.40295276750809,7.72754233965596,7.61734445632726,7.82696557479286,6.14274235723877,6.30329661853689,5.93494504201296,7.78570364767471,7.70101884959019,7.38536253442808
"ADAMTS9",6.05839732790857,6.01213140936216,5.99471801869717,6.23634012798401,6.2035051846324,6.30348612801608,5.10183873156784,5.18553307127139,4.85598019071799,5.15256176004114,5.09822555634188,5.17983956950172
"ZNFX1",7.42107454978773,7.33150567086217,7.38776553426326,9.17251697335071,9.22687522053072,9.42881255296445,7.51685421076746,7.46731202483802,7.61949681750053,9.55387428631789,9.60798964757123,9.42167862607631
"PSME1",8.98087923759024,8.93984843419517,9.00627936373469,9.71994300218201,9.80034422217453,9.9407794282372,8.80299130137736,8.75840355099952,9.04985511647781,9.9512592346665,9.99937439992111,9.86093427532107
"ATP10D",5.31159159966711,5.27847028255508,5.14795024090486,6.10232655209383,6.1688716915379,6.40175234974387,4.8346480039365,4.99243110206687,4.80615634992425,6.02000138085651,6.1235712877673,6.02804546278964
"PSME2",8.54814268681427,8.49854019879788,8.59789932741633,10.0199817721116,10.0926795906774,10.2727987389679,8.36621166690136,8.2549718549016,8.50858947592278,10.0135081532501,10.0232309316254,9.87697618878126
"CEMIP",6.19307436999464,6.07982344541936,6.08840308535037,6.25054939248872,6.15394675124733,5.98562035042412,7.13352074988024,7.32554044334007,7.37352455082096,7.14913766741343,7.20899057883263,7.12912112714654
"CLTRN",5.27793492350818,5.17264411237648,5.3082040946045,6.12273523334821,6.16019380146157,6.46924317612838,4.26675974008682,4.02856895269648,4.20694347572259,4.09700190023197,4.29012662413463,4.18220625984107
"PTGS2",6.67611209155319,6.76787743266545,6.70935100007893,6.51720751847173,6.50752188232278,7.08682055367639,9.84270272511174,9.77616722869402,10.0627005016647,10.2867717748681,10.2311054801856,10.1454041925283
"HEG1",7.64048072046046,7.54798705293899,7.64666959935819,7.99908736963897,8.09087770483006,8.27753952130361,7.42409939443007,7.45721326039104,7.61578141181043,9.00866169740423,9.02949449400887,8.91016484490751
"ZNF608",5.86916127857793,6.06689895494127,5.92582792515252,6.15447536820174,6.0111760781015,5.89643399535786,7.1716630179385,7.18911808926029,7.37800522658898,7.72551903844479,7.67921395573757,7.5609535024669
"MARCHF4",7.60092697319038,7.4176210749087,7.50985849499699,7.86483056988763,7.83385595745578,7.92824630776865,6.7364463173942,6.83209798637389,6.4706515251014,6.68821967139642,6.73897696329424,6.73483070492028
"FAM135A",7.21950727096783,7.23200870536515,7.32890135761179,7.71507224558758,7.68995713793975,7.95625756521566,7.25449709539874,7.19652179960407,7.44121516009503,8.37887748508354,8.31142530021567,8.26557737694631
"RNF213",9.02254493957081,9.01188689823675,9.00107411738894,10.5107669084462,10.5047461360518,10.6389185414173,8.82134089215359,8.92421478535781,9.02659492089307,11.0808509331433,11.0612096271933,10.9358628588481
"PTPRD",6.41859143408295,6.38885053980262,6.51281202038933,6.17624650312826,6.22303830121442,6.46051589364246,4.83430263735445,4.94204714495299,4.73303235002674,4.7539335333963,4.71878717048751,4.80134959901306
"ZNF462",9.07534655157888,8.97998159507838,9.06453348019556,9.4756374629571,9.46396053989625,9.5753209158791,7.65982427859104,7.69299877992121,7.93387007407315,8.42714093575441,8.36994119011571,8.31453446285733
"RAB3B",9.43003892007463,9.2480348015196,9.35827627957336,8.49264889746872,8.42418735927399,8.59387170740868,7.46085865674777,7.33743121942842,7.6261780823991,7.04830153273509,7.16294846829376,6.82559873626871
"PLAAT4",6.30051682164893,6.42927465611361,6.26071145587775,7.22713882382294,7.11257790943681,7.36144222383771,6.17084128711078,6.25722562524216,5.94333139457046,7.35767040962729,7.52002898705251,7.47749067841069
"GNB4",7.6025150349905,7.59606236508531,7.67262700091104,7.88943645938301,7.93747642675143,8.06107786222005,7.20910518552894,7.08236653525088,7.36037394636929,8.60544409952603,8.6322713258753,8.38671269113349
"RBMS2",8.62905680246279,8.50675194948562,8.64491608965484,9.21711933140111,9.19948032290404,9.42963137259648,8.38420660305959,8.37137871652001,8.6102375878083,9.54918537440803,9.53354851864868,9.41931022395926
"BCL2A1",5.52446071155225,5.20710039012218,5.35882114739328,5.98134953943872,6.37579413780814,6.71546411626621,4.56191414512332,4.33399452592952,4.63632845022752,4.68192558042936,4.67452258602185,4.51400331839294
"RGS2",6.17526140334265,6.03616448045696,6.1549843301034,7.27544646820074,7.15483721770265,7.50420236761217,6.25121150706385,6.03862627800184,6.28017237479378,6.63643810650825,6.54359153633875,6.42905558195086
"EDA2R",8.65772679418582,8.57303888570573,8.66272612354923,8.61312011422014,8.61904051886439,8.76082980925347,5.54412277053911,5.55266609822554,5.36919788843199,5.24643307416971,5.26955355878964,5.42983121723898
"SORT1",7.6547413282726,7.56658187016997,7.60638414565196,6.82742483196143,6.73264884094919,7.10136821859451,8.04506822649428,8.0277880728389,8.35725392776626,7.93318474064889,8.0167447155015,7.8554297443889
"CEACAM1",6.24601473960285,6.1250048460885,5.96475675381293,9.1419893035389,9.27677843767056,9.43376816676026,6.7338329630284,6.74259908224289,6.82288245513041,10.1954899811027,10.212843654307,10.0386900207731
"CCL5",6.243085442685,6.06371362844243,6.26305038899483,10.7984711772414,10.9875056404463,11.0876329737115,6.26305038899483,6.30318742471065,5.82903625768606,8.98136422874489,8.98102335494092,8.79285363463787
"CCL20",4.19729692057186,4.11152010637192,4.08008892041996,5.29360887821866,5.33030183687718,5.8077196077028,4.21084488412851,4.30325580820595,4.53262465228967,5.17460540024653,5.21412666768535,5.03105991816971
"CXCL11",3.68334220384874,3.55014945949527,3.46177064342308,6.91935137235278,7.05778577488057,7.67073288497894,3.83783384319201,3.56880264550437,3.50100484930547,4.71461327406619,4.8256859887999,4.60620296186199
"CXCL5",9.88164730719927,9.96282592258972,10.0412243113496,10.478819590799,10.5569973326788,10.8304416499738,8.63008250662121,8.22525975131974,8.89589921536703,9.57424657989839,9.4837475827764,9.39495693257391
"SDC4",8.34446243438219,8.18819228813268,8.34078632203561,10.1150356386312,10.2715407191303,10.4373528287568,8.29104858759291,8.23441945396103,8.50686643608761,8.97577004293695,8.90212947118406,8.83530751676993
"EPB41L4A",5.01814117510378,4.91938446897272,4.88200610754106,4.96786885554061,5.00520827932459,4.78246275302219,7.08612921287432,6.86011010436787,7.36749035977134,6.70121300191252,6.73305440217564,6.50497511416915
"SLC39A8",5.32068520737945,4.89122585790813,5.28124409693668,5.17694353191473,5.33655223101062,5.5892949284137,6.47840795058451,6.38317976099935,6.9750635972289,6.9014700755138,6.86420088492061,6.59396354638621
"IFIH1",5.40385352910984,5.53538130432923,5.63985169874504,10.3938064176374,10.3821772345244,10.6916585854919,4.73911417711552,4.51680945677437,4.69603122431976,10.1757240820227,10.0645165063338,10.0467296965612
"ERAP2",4.75614798179509,4.70061547411839,4.66686505855321,5.80204665135952,5.80086574759055,6.17386924830193,4.59391272731345,4.66197134464747,4.73210185928054,6.0945090345984,6.21929116866096,5.82254268402373
"NFKBIZ",6.01221353576683,6.10135435763635,5.9291459388612,6.90134586502965,6.95847257675285,7.18685473703325,6.38050684470295,6.31037036554046,6.45933718589611,6.97218018253461,6.94770824255946,6.71904108372722
"PURPL",6.57520759181617,6.53547790412409,6.57423689326597,7.36691187908658,7.31731141804706,7.81618524140062,4.39384753509957,4.17419916890797,4.48178965900219,5.09710589931062,4.86642231048689,4.73753638546721
"CNTNAP3P2",9.48321753168239,9.44013861624607,9.48988586394536,8.93250626455631,8.91772309897639,9.12033581136396,10.2785414516838,10.2491424387041,10.4858851212985,10.4161560441651,10.419920774073,10.2773304876513
"FLJ32255",6.12196036188544,6.21091023958258,6.2365960270967,6.88118401371686,6.86042593248728,7.01940516913127,6.08550178198254,5.52766007085171,5.47607837864902,7.48389205444282,7.64449260681148,7.27303892203054
"MT1HL1",7.75117787808695,7.25370823450731,7.76724513827339,8.6647788618823,8.51035783783877,8.27124081896141,7.15148703646815,6.96450537909414,6.98454499327863,8.19743136676779,8.38146784377002,8.22216583017774
"EMBP1",5.7812449852401,6.12021679977065,6.09821293754576,5.825691186528,5.73740441281954,6.33513195394377,4.76647071292021,4.6478203337474,4.95597908414942,5.19517555422505,5.1129877565315,4.80262911636646
"PARP12",6.57307129506902,6.60633786332395,6.54224818210114,8.95530812002014,8.95996224824135,9.2317791612662,6.45699584493224,6.36234192265469,6.59213450925138,9.59663480797282,9.66818635627111,9.47171818569186
"CDCP1",7.96220072355421,7.88766661094541,7.91207042483159,8.26481983892477,8.27157499835865,8.2566976403776,7.21406772288963,7.17366668100242,7.10382206265801,7.1933899253133,7.24634863934214,7.18926342121055
"SKIL",5.42371356292032,5.70299664373459,5.50991534581477,5.42259945173318,5.17149240217027,5.69396124792251,6.47431751003957,6.45144760112518,6.84309779326285,6.91234859833707,6.3866267660576,6.44982795677948
"GAS6-AS1",5.78646782244558,5.85457808902942,5.80977882939573,5.37279803122188,5.39868462976165,5.15016471577239,4.74711116237137,4.76512712186034,4.71985911296934,4.62984618739738,4.48071232169215,4.16396920847236
"BMP5",7.4482722934288,7.49777017941474,7.67892085154218,6.96438253163601,6.75130723573309,7.39045898026341,8.57949515938826,8.48817509856121,8.85173627060376,8.36847716475541,8.36210679837164,8.24655557400805
"BMP6",7.89363207803348,7.82959256758462,7.88548170300448,7.88430457963092,7.9044352849663,8.01450874133283,9.05109330250273,9.08809212269743,9.38872608827575,9.0619076407733,9.07088207678146,8.89025889878585
"SLC7A2",5.76233844627422,5.79954641538871,5.96755068894528,5.22335540726606,5.54120300538805,5.58818735964687,6.6176315918662,6.7206373217409,7.0847694656694,6.43146929068984,6.8319438939683,6.49832856903761
"SLC9A2",5.33749203430249,5.17439424163577,5.36400448221095,4.8802082405008,4.84411843498798,4.74381977264878,7.23948120050752,7.18484342091155,7.62461167094061,6.90709955179398,6.9544656828847,6.72968644513912
"SLC12A2",7.94767041933946,8.30886251869694,8.37525761999114,7.43239944986139,7.54691944578568,8.0401041335353,10.3378144249508,10.1635269104095,10.376864549331,10.4022613782124,10.1399276217508,10.3736636792331
"BMPR1B",6.67315980548307,6.66056401590191,6.66475339530951,6.12817706398639,6.15058314680343,6.42456165840719,7.56445512746142,7.49443693183776,7.81789966415352,7.59200647643488,7.57227055479413,7.45825585663415
"SLC22A3",8.26786124690116,8.30591349981761,8.21010320410576,7.38381679740955,7.488484269003,7.72829287284464,9.148148688303,9.16007866348928,9.45195999567871,9.09804315076926,9.15608432113708,8.97151366197688
"SLPI",6.34849569529274,6.0147121830448,6.1888895582353,6.40742103294964,6.43310102429983,5.93239244277885,8.70597743551018,8.80733889863047,9.06108080367803,8.82160372660246,8.96116538280513,8.8316014974277
"SOD2",8.39555418053336,8.31011101705347,8.40001955217499,9.72779083034671,9.66377689511346,9.95516327284269,8.19161571973515,8.03834286851445,8.2117454558469,8.6141276448552,8.56545082050966,8.43651803391723
"SOX2",7.56900646462325,7.56495822573368,7.66374180680073,7.44274815125819,7.57291914599141,7.72383763267636,8.30959627023327,8.1093332927894,8.42936751359052,8.56039481494658,8.83230760141228,8.49324428328665
"SOX4",7.79581883314796,7.75388228656635,7.6979139280208,7.53831906780355,7.70414070233573,7.87271343623918,8.88192830553908,8.78359705715382,9.06578472580224,9.1417576809621,9.12051126222692,9.07406509235659
"SP100",6.43505136404229,6.34635573219712,6.42704654923704,8.65307339823305,8.65050068521042,8.91746011469822,5.7998713595497,5.64224782400206,5.95864725189588,8.74305099140849,8.73031973828765,8.60056064750567
"TRIM21",6.89663616036908,6.69003351857769,6.76424432258613,8.96696508872977,8.94459776266868,9.19776081276967,6.7065480213434,6.69096226529587,6.84091470467742,9.56632662432348,9.59599390124965,9.42792069957416
"STAT1",9.41202495933154,9.51789312898917,9.59273114245317,11.3041161218848,11.2860990948974,11.4575294755308,9.03710663086249,8.95628594596346,9.26902730418386,11.4483025694767,11.3867205437918,11.4003812261204
"STAT2",6.85929982679466,6.89331151347797,7.01159753337081,9.50570507662616,9.46881513901569,9.71119518008327,7.15450233162878,7.0806211692737,7.36459464153792,10.1514221845404,10.1503729283041,9.98169054549939
"STC1",7.52975517730647,7.17026859285229,7.43206472798367,8.27315874733218,7.97968263852892,8.25263976986673,8.78878804823121,8.75007026939868,8.94134765095267,9.08653428808037,9.07261946742296,8.85382890301156
"CDKL5",7.90243237392114,7.86633611926708,7.91970291767743,8.4859229639884,8.49647992005781,8.70166259421302,7.7774451909186,7.67999439099665,8.00399484769632,8.99806910745974,8.94056822574445,8.87328812180306
"BST2",5.6087655014551,5.59430891312005,5.82560378082078,7.04635880155804,7.25477413838192,7.58662539785094,5.68090311759686,5.63861285756224,5.44450662237592,8.27216159583392,8.1792605229851,8.03871453566708
"BTC",5.09854448208963,5.04621210868926,5.14050113945048,5.96328887411077,5.89875927027005,6.016604770356,5.32447965883337,5.0063509806796,5.46624679803229,6.62723013595795,6.71162428122203,6.62644351284786
"SYT1",6.16926267867237,6.18454268711827,6.13954870853388,6.23168770185157,6.30759368489437,6.33235042212068,7.48295806267283,7.37928658830732,7.73348377901725,7.46395756316359,7.48877205601573,7.35768086620339
"TAP1",7.26529876411516,7.08048284513462,7.20023632638554,9.40724302108149,9.4202109360205,9.59923602194624,6.8319698912651,6.89995532271484,7.06571906593613,9.62812623468128,9.6196302938463,9.37674045702511
"TAP2",6.91221560639684,6.9179350640546,7.19668596150182,9.15414246871461,9.09682716244392,9.38307733143387,7.02918923677789,6.79841008523636,7.13339697963023,9.63849672530119,9.69880706569156,9.61189876953525
"TCF4",5.75086294540016,5.66902845240179,5.67704455735898,5.84536395088591,5.9432966440311,5.82474380856624,6.41532382424045,6.33556966905657,6.3897325128158,6.97604326143586,7.07775967127094,6.78019454420938
"NR2F1",6.99393484462356,7.08971269567959,7.29708926235255,7.7426606734567,7.65023485024243,7.90904051054302,8.99966929187933,8.99288204533281,9.25169205146468,8.96408245514993,8.97266420079038,8.88712560307624
"TGFBR2",8.08537247410333,8.04178846543632,8.20930796128534,7.35223198050659,7.45234821185625,7.65133299802444,8.98823631530165,8.90211335156446,9.09987420337963,8.65393134941196,8.64308251469635,8.53318566066933
"TGM2",7.69859271086255,7.55718700249617,7.67982405612846,9.49542670779417,9.45826592841344,9.57124494645113,7.87039314924731,7.82516562821414,7.78436854156742,10.4240426992499,10.3927760532462,10.3383852695277
"TLR3",4.9819918328801,4.48615406734659,4.86549596362863,8.7461453933281,8.81627085987368,9.26788623128738,4.53516888544356,4.17530446408036,4.86768726157307,9.73099246850402,9.6288243768382,9.63424466867506
"SERPING1",4.87491045796661,4.9528506200997,5.15461088990069,6.25312685621003,6.23965323260191,6.05428954904494,5.40810057336702,4.77998130653067,5.06034237511761,5.82796668453923,5.55539541458688,5.71264520777725
"TNFAIP3",6.69626608764419,6.73983562779261,6.7722372360274,9.76358082175137,9.89646202748576,10.0296763204509,6.66623774346989,6.12945705775307,6.78949550588931,8.67572439462381,8.4895321705729,8.31922694639203
"TNFAIP6",6.61598891021666,6.67212904128808,6.79063817543095,7.54148095736682,7.53892383853761,7.91767423904969,4.71630013358128,4.86345939610829,4.4972476966204,5.04429170426325,5.08581563255268,5.08061859528575
"C1R",6.54243841903265,6.60870747785564,6.53441928576907,7.5436791561632,7.60640450052274,7.64595310885957,6.69004249293597,6.82643402665799,6.66818599647103,7.58891203446221,7.71436999064847,7.56214601694336
"TP53",10.0896507767223,9.97979338590328,10.1261190410928,9.7018909801312,9.75298256037831,9.96039083073658,7.38882731647048,7.39085243117537,7.35990760295099,7.38979354911932,7.44374392274229,7.38443929413157
"C4BPA",5.4062710357877,5.53229980568615,5.16513467160352,5.45497110190976,5.17640705000311,5.38637297257909,6.47679174075465,6.62119259485411,7.3660034954818,7.01388213660073,6.3228844162865,6.55491539043544
"MUC5B",7.94854416310758,7.77676979569758,7.71262128114091,8.10506838760629,8.10121134844669,7.48030544997089,9.37496290311477,9.66669601701273,9.38320614918321,9.65339735261525,9.50768839427602,9.45692340329247
"CNTNAP3B",8.43423002614142,8.51656211978567,8.46774106839793,7.93119927345615,7.95633448127162,8.16494221706252,9.26704392720098,9.33274720176415,9.5256181179716,9.41792355849102,9.41629084010241,9.18445932502538
"CASTOR2",8.10702709016933,8.17593310076464,8.16847430604285,6.12719405940357,6.29373572948742,6.41083097916934,8.66162989762379,8.71876015212857,8.9478126285485,7.20000996945498,7.17645771807119,6.94444617872285
"UBA7",6.453744252091,6.46380889807844,6.39765820729706,7.23386548872022,7.16796680048576,7.11683955171151,6.32342284365297,6.46980888789465,6.09694369677047,7.45783698618778,7.39812543429299,7.38339164592365
"WARS1",8.47302035911698,8.43033657924718,8.51312045221096,9.50036801285027,9.59491530916089,9.76995374501796,8.35379104879764,8.31401943584127,8.46213199599611,9.2381370746823,9.23072972284306,9.14192961211601
"XBP1",7.70192847248625,7.57938101090103,7.76014595700818,7.97261051805666,7.93102281200427,8.08938983662319,8.94232506392063,8.87524987877321,9.24349894034525,9.42342962438978,9.38557765757281,9.27676055904616
"ZFP36",7.07303627389873,7.08897518880455,7.317973921123,8.31987294125299,8.5208398851127,8.63086198400457,7.08301537699048,6.99025583637755,7.32252427769669,7.98254247894319,8.01450334687,7.68121582042226
"ZNF711",4.53603378729211,4.35201710246922,4.38972609285748,4.58934202774764,4.59025300559068,4.66038436049465,5.51258704646044,5.43382778587868,5.58194633817041,5.75435864000031,5.77037192256835,5.56155707767723
"CA8",7.22333610929246,7.27961450212916,7.3203900076157,7.51897249869948,7.4891459527699,7.87124449256357,6.12301024532918,6.15389524590416,6.25895180971471,6.4408479981169,6.40758943123693,6.28079743390698
"CACNA2D1",6.57239927682355,6.70446955000847,6.89368227416023,6.10570990697748,6.0132653555944,6.56240507660544,7.71900431194503,7.69396035263269,8.00602373658378,8.00626493521885,7.89356015660366,7.69314926006722
"ST8SIA4",5.19979786008415,5.17507657805066,5.0683176285868,5.2979733349032,5.44139467142886,5.59396793441883,7.37024420343287,7.20473714884927,7.65552591945614,8.73007612314554,8.78059529245905,8.74221884885638
"PRRG4",6.35600871772909,6.10870576589393,6.06375523207801,7.13523214811475,7.21615365395292,7.59151350689207,5.70405217002928,5.70125222875975,5.90501214904696,6.8006821718437,7.04233554831406,6.69759920825858
"DHX58",6.78671545739503,6.68479124974916,6.70259653698275,7.57110552976001,7.65461246060697,7.6261618933792,6.66633115012051,6.69243869801284,6.3734578019911,7.66074750695414,7.710632397992,7.59957850772803
"FA2H",7.96681870219506,7.7114580362183,7.88603611290657,8.44489545322974,8.34245045474507,8.52357892862164,6.69509295987292,6.72434284396347,6.7810781315274,6.96337354201002,6.9219914482442,6.81997768783389
"MCTP1",6.641948783304,6.49333701723403,6.62731243645072,6.61083996857057,6.53608837388482,6.90731284537584,4.87767959273182,4.8853879175056,4.83879906122748,4.87308237505574,4.90990049424924,4.90134212812812
"TFPI2",8.21421270743255,8.12445166460118,8.2271070338369,8.48862993806816,8.5038732040468,8.93068301230327,9.82670389608065,9.73112653474789,10.1084516829487,10.2764248436226,10.3608574113886,10.1991977996159
"AGBL2",5.10746613868639,5.09654396037645,5.04472037476309,5.61181587546426,5.68335394969827,5.88794111253506,5.45277823712351,5.3897175309924,5.55416859883971,6.5073681660123,6.66566769800259,6.28634857017876
"TM4SF20",5.33402533319837,5.36708783821962,5.36548313938032,4.97877748902037,4.89272482169895,5.04986231931784,6.59048492364553,6.45460017623922,6.87994571100767,6.41263446031067,6.16557576755013,5.95407552090302
"CNTNAP3",8.37982654894825,8.37665009492162,8.38654934709466,7.93090190175968,7.91902546847007,8.07686410829814,9.03535070920088,9.06958500858615,9.23238157982581,9.11580413841622,9.09230341011598,8.96631618203489
"ERMP1",8.50949275666932,8.49073876139269,8.55961902498797,7.67600492357851,7.60461790227479,7.9117438125573,9.38764305128351,9.30009316545596,9.55895182609211,9.1572706719624,9.1266621560055,8.97867617044013
"POF1B",4.03811825517977,4.05170290646357,4.31217623491934,4.14788364886209,4.36781050248178,4.49407641533577,7.13197248993526,6.77742555917181,7.44626743368758,7.34185451995062,7.50640349583331,7.23308460858209
"SVEP1",5.52466165853708,5.51238859110269,5.50206649791032,5.5227716808351,5.5279364798963,5.6206200543569,6.94960821943386,6.98636300365009,7.30037397013546,7.07896995771287,7.09017388106792,6.83781491771914
"ELOVL7",7.36010834177951,7.28404515587081,7.42727913610518,7.84180780482004,7.74457383351934,7.96592584835067,6.31942568070572,6.20996943630523,6.53872180987383,7.30138837177719,7.21463009451954,7.16296887106893
"TMEM62",7.09201764597208,7.07116633582243,7.18185417282709,8.5361656708583,8.53088146725027,8.86841729179585,7.41251162434421,7.36234358327901,7.73985001393106,9.13925788188894,9.13783668501443,9.02308280761494
"APOL6",6.39199645616146,6.35544348887327,6.49047066676867,8.31175302539,8.26094471458574,8.49769098019778,6.53979825459931,6.4112083579662,6.69343278880895,9.21102624520565,9.28771328883276,9.14300442198335
"PWAR5",5.81188790392467,5.77281199175314,6.00234235143476,4.90412834261557,5.1520212767293,5.17158941897847,6.63142083304189,6.44688002165341,7.02806587735009,5.5622874485758,5.75558867419462,5.31719143588492
"CASP1",3.72851210813967,3.73331650390496,3.69999574261484,4.04973480535596,4.08580781798517,3.9333367801699,3.6625805906705,3.64538424178938,3.5386468321397,5.04380034934827,4.97589403094343,4.9409400280347
"PARP9",5.72097563996318,5.58574191996731,5.65464752859855,8.90900916136449,8.84916587362251,9.15581726968417,5.57784967925422,5.6089645395719,5.72253950662537,9.5398485612392,9.49315605445871,9.38921092036445
"CASP4",4.95606231670154,4.79971101449313,4.80382341726582,5.21480427985029,5.34512441141907,5.29743843350872,5.69461596840613,5.53616499351313,5.8762898990661,7.03977539344628,7.10751417338136,6.84221604973216
"SLITRK6",3.20490802719011,3.4669880067813,3.02505818817185,3.168156674085,3.12570808266957,2.89581639925341,7.08893241115377,6.82745470692459,7.61619540733261,6.62847839787876,6.72148028001917,6.37046910874642
"PCGF5",7.2943008066414,7.07794917554248,7.22717161140445,7.75596331600198,7.62225139883568,8.17955369972324,6.93838856747715,6.72599074604316,7.24025827516356,8.32555906276473,8.26927711724664,8.22468805404924
"HOOK3",7.52656773033557,7.35710029902535,7.46300194321266,6.07482325852078,6.19257605323734,6.46887025449783,7.57754088028633,7.38887351714372,7.67168100081308,7.16018750481994,7.09264065396539,6.79266287016553
"MASTL",8.27649979044312,8.25013877469122,8.31851422935835,9.21935859518282,9.11839436179809,9.50814179107027,8.2299547659976,8.13595508104721,8.47620897275387,9.56796252381091,9.50141278053171,9.45376657706048
"IFITM1",7.05077296296798,6.79021964266059,6.67049106585905,9.31730162822173,9.41284612335099,9.64203213599205,7.07757534246371,7.03395307635566,7.20259779144976,10.0975952715085,10.1237510772043,9.98242319328985
"TRIM5",7.12803019233315,7.12682829096226,7.04812531710961,8.37383366561193,8.41062415111192,8.58512034458854,7.28524806235901,7.21594370462305,7.31220818489211,9.01062722229909,9.05927727829879,8.93433990496493
"APOL1",6.83343859499886,6.72012437648376,6.62141000346756,8.53110923073069,8.68910419626175,8.86562327108268,6.49786750592784,6.42570009637303,6.34118088980187,8.46385981580915,8.45575124927109,8.32700085488779
"LRRCC1",5.69540982725085,5.6931417184028,5.84175757792816,5.71854806066758,5.7188537313661,6.19779628483558,6.80044768665168,6.51338683380443,7.12781115120277,6.88083516036297,6.88242286839669,6.75776727176679
"BLZF1",7.53208841367185,7.58378668617825,7.67484541031945,8.83929512704792,8.83732863829855,9.17105417071169,7.84416120054067,7.64999841157121,8.10613766180365,9.41481690854634,9.40395469703667,9.18851462907388
"PLPP1",8.42138443523763,8.26441939165301,8.31126621822327,7.84142203204562,7.67052685106497,7.92987185957176,8.90598877598328,8.8258167662983,9.05758095113996,9.34846198949193,9.32084042033318,9.26559992037139
"OASL",6.26517791967479,6.28186955089769,6.05861601208528,10.7153673679029,10.8334554602092,10.9736057681215,6.10567412745355,6.20234368417557,6.21037529227963,10.4923060482675,10.5472729319899,10.3702721040063
"IRS2",6.94792610506828,6.8746075662106,6.92223449436548,6.89237238564312,6.93413890681229,7.05675870520167,8.3769764772955,8.36440488111475,8.70494612650183,8.66849475820551,8.66427435059156,8.38929385653771
"PNPT1",8.08118455274016,8.20418857908205,8.26217410350393,10.4073708814117,10.3415551439157,10.6490758481272,8.00832659384421,7.81295541074614,8.22568858723813,10.6647561438194,10.5686405891883,10.5818579610607
"TNFSF10",5.57333754142503,5.26442374270217,5.14695592856043,8.7358712772307,8.61873183936567,8.88301055020051,5.51886304427846,5.51362543001929,5.44090067115613,10.7030156369836,10.8132698927204,10.5392742978384
"NAPA",8.92473487159715,8.89287201867139,9.02521002989369,9.7259289750136,9.80494995400219,9.92421329210776,8.7419441823357,8.63799268811709,8.92150974500821,9.76641826038405,9.88654584081252,9.6627028237753
"SCEL",3.58112193572077,3.48480782518692,3.55724277487209,3.43106197874042,3.30099741238442,3.39606616052088,4.93097341419154,4.65207423147628,5.32550932699742,4.50106230964447,4.6373632396134,4.30686013241916
"INPP4B",5.07305265529938,5.05933825300657,5.12302761852486,5.13066934929685,4.98730575068025,4.99983666245781,6.71353363703713,6.57236942992804,6.8682976235106,6.67110453049723,6.72828175162642,6.47803602076447
"LIN7A",4.67616309416737,4.55479905443681,4.32314651322861,4.37055204838293,3.80057197938719,4.50194640552294,6.37533317633395,6.23514528404056,6.57307353148966,5.77892317677057,5.93762399067535,5.59187576471469
"HCAR3",5.26649751674514,5.06141422303672,5.2287234361282,6.57236477475142,6.57381526402765,6.48770638428693,4.97022577974357,5.21088736866609,4.82808604209395,5.63472824836137,5.88584044880732,5.81869067232491
"NAV3",6.53495046577146,6.48543394711706,6.55707768832676,7.09278777330326,7.1606775526427,7.50161696553775,5.55388658461772,5.52326071610552,5.68131235636072,5.96971112858397,5.96347375550195,5.77471860612848
"NMI",6.15946070273012,6.21040262844349,6.31231880086098,8.21126962900045,8.28763647659434,8.60380200155627,5.81021146836307,5.78090758470218,5.90217336307768,8.62654818188698,8.63426011957539,8.45492594600427
"INA",8.7670676616089,8.66966486452728,8.7961654819259,9.70592142390808,9.57727791867745,9.7717405097908,7.65933012820066,7.51130133944808,7.80473026482225,8.43312922073558,8.36449996977074,8.28214914097693
"DDX60L",6.33130650154542,6.28286058036541,6.39058178466275,9.32954182216164,9.23311635185732,9.51056152816883,6.27702112582718,6.10776273222831,6.54518390944885,10.1602624062975,10.041409431114,10.0304002305259
"RSAD2",2.88498739854558,3.16758380677027,3.01784201955817,8.05633522964345,8.17136476690801,8.63407754091504,3.08931099772871,3.23166517817074,3.26373621124283,8.2004981658074,7.77705194935661,7.86049801504935
"UBE2L6",8.35230632491631,8.4658423466685,8.19533169301842,9.61869813129013,9.7648947826087,9.81988199303215,7.97722326210735,8.09948618577597,7.87631654046859,10.0989650408378,10.1150793837043,9.95217628610315
"SOCS6",6.73562294015582,6.70081225982793,6.85024025547727,6.51136659174293,6.36217163243069,6.83105439951438,7.84061517723339,7.89744621304988,8.20105780863225,8.12212805025477,8.11758422659609,7.96884147092446
"SP140L",5.4691333935178,5.51009585794032,5.55312354813906,7.07561084577412,7.04529866461804,7.30699629654168,5.34734866572929,5.2621027844175,5.16246897134244,7.13577504598846,7.07534749916603,6.9762543339209
"ARHGAP18",9.06601511798682,9.1503340897314,9.20269635497424,8.56947625444147,8.56851326496921,8.88253152033966,9.96559338942808,9.82992509890979,10.1498385811363,9.98995968384304,9.97446547654847,9.91880255667035
"SYTL4",5.25473679129476,5.08415100440616,4.99791421882718,4.63364088340298,4.41298662472727,4.37052856653168,6.6787740488555,5.95899190893689,6.56557249285407,5.53032674639833,5.58196245495514,5.11981610435062
"ABCG2",7.6544568355946,7.62026412163692,7.84820259467486,7.00319327374091,7.0218133240438,7.38562394137598,8.6031969161256,8.54422830733545,8.8164710736911,8.43857075181232,8.34917587325182,8.16942050942359
"GDF15",10.4537251304994,10.2378038574508,10.3657634034024,10.0768765806521,10.1081203145372,10.23580101689,9.35558956354017,9.26633860295846,9.42864360713843,9.20194167951093,9.27830218948222,9.03710281563515
"CD38",5.85911656835089,5.68986791495736,5.80144571006983,7.9508480805179,7.95398229902737,8.18502947524332,7.18041573431654,7.15188306849484,7.4346601185975,9.50323756052899,9.43086827351601,9.363638909236
"ENTPD5",6.574152036517,6.49525424616113,6.70717336204238,6.04288756399465,6.19009267672405,6.50372703982057,7.24180429569851,7.14360123539993,7.49995418161706,7.48321329993151,7.66208512274012,7.19525931322195
"NFE2L3",6.43787704292056,6.21108475463165,6.3194204493724,8.29245821284422,8.19294870272492,8.57289413250846,6.29470393606111,6.20939581542975,6.70621724681869,8.28171834981329,8.34136394987612,8.09191766589718
"ISG15",7.92190869848133,7.83761641441991,7.85329883418131,8.84373582405216,8.79168957813275,8.73204869625872,7.68246019306333,7.76874313766176,7.30160911236681,8.50208960045079,8.74827884050391,8.73754870762044
"CD68",7.68132639914967,7.56893323998072,7.6961694770855,9.34320800575509,9.3600773647089,9.42290003270638,7.50111861044438,7.36130131216101,7.43688656256471,9.03348535930708,9.06880116756588,8.86226691131608
"RIMS2",6.88462136504373,6.72699601859635,6.83922352014266,6.18245312414753,6.47341396562175,6.80426320327059,5.508994722952,5.01740789872181,5.30132736349584,5.11099304750553,5.82771343799204,5.25197008905393
"HDAC9",5.35017818909313,5.1876454284679,4.9551612317637,5.34472680927582,5.23579280339801,5.28610791096142,6.35125177541424,6.41563143959624,6.54242345040165,6.80699592013328,6.84927758420815,6.6403109655937
"TOX",6.77231921713684,6.63370701174197,6.66655983208657,6.36628043230225,6.44422566095532,6.66487406387679,5.08485899248311,5.08065773816517,5.1113702353673,5.311927792774,5.10651741757648,5.32009776529817
"TRIM14",7.52783748347778,7.54043927143061,7.62251072008385,9.20829052414492,9.18300880319188,9.36677702299895,7.37462187912021,7.50129213377081,7.50248692064909,9.57198749829991,9.67061230362445,9.43550895647526
"ELMO1",5.93891217041967,6.22770118047179,6.094724482382,5.91038049522938,5.74372223620466,6.31380047365589,7.8819303354648,7.83428945391562,8.15321763109652,7.94671914715388,8.20469122899525,7.89074607032139
"TRANK1",5.83363676514618,5.84826372227036,5.89214323870902,9.26201053833958,9.33473676605734,9.48805925172494,5.70968527941215,5.77132536016413,5.73149382766598,10.1690891154879,10.1686916493689,9.99109563987508
"RHOBTB1",6.55455868460399,6.62553912865279,6.68868589309157,6.2219093865308,6.30960421235942,6.2575592485941,8.29369137827853,8.39572024562515,8.69506429699027,8.51632328551578,8.47022091024913,8.31718175558882
"SLC23A2",8.19204051966051,8.17106471238742,8.19751610818407,8.08068415503265,8.20436651576103,8.3301317965168,9.35233455603499,9.37264968393516,9.55626445928984,9.47486015094651,9.45616863914404,9.32120919695608
